timestamp,open,high,low,close,volume,EMA_10,EMA_50,EMA_200,Dist_EMA10,Dist_EMA50,Dist_EMA200,EMA_10_50_Ratio,MACD,MACD_signal,MACD_hist,BB_width,BB_pct,Volume_Delta,Return,Prev_Return,Rolling_Vol_20,Hour_sin,Hour_cos,DOW_sin,DOW_cos,Is_London,Is_NY,4h_EMA_200,4h_Dist_EMA200,1d_EMA_200,1d_Dist_EMA200,DXY,VIX
2025-10-19,4242.81,4249.26,4242.81,4244.67,56.1686,4246.681463832314,4249.148987253542,4262.354848681431,-0.00047365545295660036,-0.0010540904230418825,-0.00414907939607643,0.9994192899734441,-1.9298947681390928,-0.7937933387504739,-1.136101429388619,0.00785429949712599,0.28909528460011436,8.422999999999995,0.00043838870936951935,-5.6563085516270206e-05,0.0009629657345997388,0.0,1.0,-0.7818314824680299,0.6234898018587334,0,0,3942.6036955039117,0.07614417468294864,3513.4948129099002,0.2074758113806253,100.0,20.0
2025-10-20,4242.34,4242.34,4221.0,4222.67,147.7522,4242.170949690675,4241.709532352074,4250.012399031495,-0.004596926885300789,-0.004488645959101458,-0.00643348688529141,1.0001087809844313,0.5063112220932453,1.7862542321926904,-1.279943010099445,0.00905732211943974,0.01255587753311519,90.35719999999998,-0.0046647463971375425,-0.0013934723353372647,0.0017888982542929273,0.0,1.0,0.0,1.0,0,0,3960.1269192420923,0.07592006187908944,3521.9584466122897,0.23910888392159826,100.0,20.0
2025-10-21,4363.81,4368.58,4362.0,4363.79,66.7229,4367.278797494281,4343.359244256662,4289.355984605821,-0.0007988492734384017,0.004703906491353147,0.017353191402466363,1.0055071551516832,5.6992949273017075,8.69007586350499,-2.990780936203283,0.006058642815915845,0.264639446859917,10.429799999999993,-6.874285360758403e-05,-8.248462005511215e-05,0.001640584677573726,0.0,1.0,0.7818314824680298,0.6234898018587336,0,0,3981.6454799067533,0.09448719681141904,3527.6932879395304,0.1617534931427551,100.0,20.0
2025-10-22,4098.82,4098.82,4020.0,4047.34,2034.7783,4108.900623693345,4152.207643457413,4235.2958326564785,-0.014982261517439631,-0.025255876502865034,-0.04437844251804909,0.9895701218525749,-12.67650263782889,-8.556026921998022,-4.120475715830867,0.01881463097786029,-0.45984904341661326,1826.9352999999999,-0.01243683371926485,-0.0071033498642076864,0.003495875780778116,0.0,1.0,0.9749279121818236,-0.22252093395631434,0,0,3992.766494877253,0.03520453933459189,3533.30609104461,0.15805987213247044,100.0,20.0
2025-10-23,4092.05,4101.56,4087.1,4091.74,59.9886,4096.429361217403,4089.4403048115378,4145.257443953863,-0.0011447435812758444,0.0005623496168305095,-0.012910523574819706,1.001709049621691,4.029745487115633,6.618549137602502,-2.5888036504868683,0.0053226576575433225,0.11107234087251518,-44.989200000000004,-9.775696640734743e-06,-0.0005935210944235658,0.00143973491220088,0.0,1.0,0.43388373911755823,-0.900968867902419,0,0,3998.1710602409403,0.024991161772112493,3539.118567750634,0.16341397474483135,100.0,20.0
2025-10-24,4117.92,4130.21,4114.84,4126.45,117.8356,4117.47139581358,4122.090486396966,4129.485245662787,0.0021806111866493833,0.0010575977449840215,-0.0007350179216586254,0.9988794300856253,-3.214191950934037,-4.04304312368941,0.8288511727553729,0.00648450491274109,0.8391103368557002,68.93639999999999,0.002183384902342711,0.0007753501836291754,0.0014989963805583319,0.0,1.0,-0.433883739117558,-0.9009688679024191,0,0,4005.137427244322,0.02992720597808488,3544.804253643663,0.15959294389100162,100.0,20.0
2025-10-25,4110.54,4113.64,4108.88,4110.43,35.5855,4110.681157141547,4105.135635620369,4111.701524280598,-6.109866757988358e-05,0.0012896929235887483,-0.00030924527791945176,1.001350874127778,2.2048246650465444,2.1172115857450278,0.08761307930151663,0.0062794205854595515,0.6193790995483798,-1.6418999999999997,-2.432776308636253e-05,-0.0005203432320123325,0.001057749976478205,0.0,1.0,-0.9749279121818236,-0.2225209339563146,0,0,4010.4184030103274,0.024848179659975406,3550.431375497955,0.15769875975240283,100.0,20.0
2025-10-26,4110.32,4114.5,4110.0,4110.03,34.0568,4109.210138815264,4108.85907324126,4110.430062877145,0.00019951795041856307,0.0002849761303241018,-9.732871525016835e-05,1.000085441132866,0.2770916212666634,0.08094730160843189,0.19614431965823154,0.0008260854707446096,0.8799160573983547,18.340900000000005,-7.298684047274406e-05,0.0005233461046010301,0.00023305232727298942,0.0,1.0,-0.7818314824680299,0.6234898018587334,0,0,4016.1350194519523,0.022811728217381897,3555.5013120601648,0.1418811705198153,100.0,20.0
2025-10-27,4059.95,4069.28,4056.01,4067.48,189.8723,4073.7986004261606,4091.766626875037,4102.86175402374,-0.0015510340706336436,-0.005935486817728257,-0.008623676873596985,0.995608736253221,-9.129965339181581,-6.0576663405332285,-3.0722989986483524,0.01392696559523051,0.1623491130506082,36.764399999999995,0.0018522349973890684,-0.0001970074567322344,0.0012194128615552408,0.0,1.0,0.0,1.0,0,0,4020.2931075808756,0.011535699308011594,3559.846572636681,0.1214528262781524,100.0,20.0
2025-10-28,3992.19,3992.59,3980.53,3981.01,139.0441,3984.2427972361256,3997.5499214435945,4049.555697896822,-0.0008113956404383795,-0.004137514669890945,-0.016926720610960292,0.9966711799804958,-2.356711242156507,-4.4765754382599585,2.1198641961034514,0.005550415852800969,0.5021497106084779,69.29899999999999,-0.0028029657832773225,-0.00011020277310247462,0.0013991471136866696,0.0,1.0,0.7818314824680298,0.6234898018587336,0,0,4019.4472988924526,-0.007301326951230158,3563.9113828592012,0.11348447637783966,100.0,20.0
2025-10-29,3968.42,3974.48,3965.93,3969.44,252.0086,3958.7554487261414,3956.673393055502,3991.167522515247,0.0026989672416609595,0.0032266011561392035,-0.005443901412976601,1.0005262136809911,0.8284141235949392,-0.6109813623101249,1.439395485905064,0.008364570469599566,0.8579374546261975,83.1284,0.0002721527280791225,0.0014965564060438474,0.0016485761220856856,0.0,1.0,0.9749279121818236,-0.22252093395631434,0,0,4015.7535201825485,-0.012837819832180632,3567.815050691448,0.10886633521916349,100.0,20.0
2025-10-30,3955.76,3964.08,3955.44,3960.51,98.1769,3950.3850287426994,3968.6539896862487,3985.1353766005923,0.0025630340292483564,-0.002052078540334604,-0.006179307419563259,0.9953966858811509,-6.8298983899571795,-10.879939828043181,4.0500414380860015,0.007273141252850806,1.0200928864718983,65.1351,0.0010818380124513194,0.0025264427584599236,0.0021560160802757073,0.0,1.0,0.43388373911755823,-0.900968867902419,0,0,4013.4642627400813,-0.01803037426093254,3572.456194465663,0.1292650715353021,100.0,20.0
2025-10-31,4034.26,4034.56,4024.64,4030.51,217.4348,4026.39157404827,4008.1570750119413,3989.895466661743,0.0010228577812141561,0.0055768585336672056,0.010179347724174505,1.0045493474170482,6.869246121484139,6.657727155837338,0.21151896564680062,0.005539960812728452,0.8757660497208585,87.14670000000001,-0.000927062031356507,0.0011415383470028129,0.001307688736286716,0.0,1.0,-0.433883739117558,-0.9009688679024191,0,0,4012.5584971639796,-0.004517939657899752,3576.7119537247113,0.11839031259822834,100.0,20.0
2025-11-01,4000.16,4003.62,3995.51,4002.59,79.9967,4001.450528004718,4001.870850118128,3999.2068083946438,0.00028476473401521185,0.00017970342092643276,0.0008459656545529996,0.999894968596151,0.6926752820236288,0.15985453503821112,0.5328207469854177,0.003098660831974521,0.7362106719111736,69.1387,0.0006074757009719711,-0.0007419194480319247,0.0007073374194193573,0.0,1.0,-0.9749279121818236,-0.2225209339563146,0,0,4012.2428032431158,-0.0019472408890112021,3581.0074566727244,0.11935259797654664,100.0,20.0
2025-11-02,4008.42,4011.81,4007.25,4007.25,29.3134,4009.285448772211,4008.7109557934664,4004.111176075112,-0.0005076836753627607,-0.00036444528168212806,0.000783900293189374,1.000143311150412,-0.17215079125753618,0.35291581816134304,-0.5250666094188792,0.0025456012484452867,0.14725857819354377,-8.081899999999997,-0.0002893915542571124,-0.0005560209841820596,0.0005271978301871734,0.0,1.0,-0.7818314824680299,0.6234898018587334,0,0,4011.9494749863316,-0.0021334952096725597,3584.968078994389,0.10992620082579761,100.0,20.0
2025-11-03,3979.05,3986.22,3967.44,3968.63,209.5791,3986.4780375131754,3996.308277496622,4000.8451524029115,-0.004477144322688703,-0.0069259615561890866,-0.00805208679060296,0.9975401697514676,-5.190842747665556,-2.2597746162059833,-2.931068131459573,0.008777900431151951,-0.24258225502647202,167.35680000000002,-0.002618715522549331,0.0002840680556672748,0.001028502154673893,0.0,1.0,0.0,1.0,0,0,4011.118618442757,-0.0013035312440565618,3589.018247362604,0.11228467643861527,100.0,20.0
2025-11-04,3992.02,3993.37,3985.0,3988.48,93.6752,3992.589677099183,3999.6262674987393,4001.68253063228,-0.0010293261846453833,-0.0027868272566651123,-0.003299244887923127,0.9982406880220944,-3.494065429884813,-2.7263233653240673,-0.7677420645607458,0.005802559261795612,0.13744248554200772,35.696600000000004,-0.0008842663219782443,0.0002881584420399985,0.0011486336500255336,0.0,1.0,0.7818314824680298,0.6234898018587336,0,0,4010.553838730333,-0.004908010095823773,3592.4029414186975,0.09374701671085472,100.0,20.0
2025-11-05,3929.45,3935.34,3925.98,3934.58,146.0414,3931.2478546055404,3945.5636677307953,3975.5029095828922,0.000847605014411862,-0.0027838019243299522,-0.010293769244703163,0.9963716684532712,-4.136681779771152,-5.932814302742839,1.7961325229716874,0.003511915250154767,0.8093549301726376,-23.929299999999984,0.0013743325579382848,-0.0008442466624285494,0.000982540009775604,0.0,1.0,0.9749279121818236,-0.22252093395631434,0,0,4007.480940799965,-0.012594181119147122,3596.177439514034,0.10443382363711087,100.0,20.0
2025-11-06,3971.75,3972.41,3968.11,3972.41,26.2852,3974.3079899049308,3974.3610901224547,3971.393233881456,-0.00047756487664065296,-0.0004909191888235621,0.00025602252375043404,0.9999866393072195,-1.6503632759777247,-0.23667784976661538,-1.4136854262111094,0.005605215167496969,0.20539892969410417,-6.5198,0.00016869180762091318,-0.00015859549840524512,0.000845455605569076,0.0,1.0,0.43388373911755823,-0.900968867902419,0,0,4005.505052933846,-0.005870683627429825,3600.0588580263325,0.10727634108332205,100.0,20.0
2025-11-07,3986.26,3986.63,3980.71,3983.85,53.0988,3980.7742469511813,3983.6602032202554,3980.9944298093674,0.0007726519661782491,4.764381751010245e-05,0.00071730072497722,0.9992755515978142,-0.6573195310897972,-1.9228378772264154,1.2655183461366182,0.003931931843011271,0.7636438236871145,34.0228,-0.0006045767210368647,0.0010547304661407964,0.0006450636098299431,0.0,1.0,-0.433883739117558,-0.9009688679024191,0,0,4004.6673697167366,-0.004486607265463774,3603.9588693892547,0.10767357361004141,100.0,20.0
2025-11-08,3992.02,3997.58,3992.02,3995.13,22.0432,3995.41606367564,3996.0972058179887,3990.0468027969478,-7.159796904275636e-05,-0.00024203761024140516,0.0012739693177255776,0.9998295481547954,-0.7971868847830592,-0.14473307171220845,-0.6524538130708508,0.003190757925638217,0.29444739668603526,11.434999999999999,0.0007815611684338641,-0.0007659440260120443,0.0005728240742504095,0.0,1.0,-0.9749279121818236,-0.2225209339563146,0,0,4004.142954879006,-0.0018737979546569234,3607.79370650976,0.10576167168365451,100.0,20.0
2025-11-09,3989.36,3991.95,3989.36,3991.94,9.2764,3989.4697898678114,3988.9916588512187,3989.95262804664,0.0006191825636735776,0.0007391194068403735,0.0004980941225693724,1.0001198626263186,0.5496042589002172,0.2859556886212498,0.26364857027896743,0.001603124906019683,1.0307204624386936,8.394200000000001,0.0006467202759339319,0.0,0.0003731914336626727,0.0,1.0,-0.7818314824680299,0.6234898018587334,0,0,4003.23747313775,-0.0038862228988769177,3611.7429233604093,0.10879707802514028,100.0,20.0
2025-11-10,4004.79,4008.97,4004.65,4008.76,40.9407,4001.7070280976627,3996.4568429113424,3992.802412669994,0.0017624908202463676,0.003078516188778661,0.003996588280794872,1.0013137099667755,2.5779014820755037,1.5824126804986913,0.9954888015768124,0.003668001172921219,1.2063550196356323,4.869700000000002,0.001016308378426256,0.0008222122257210973,0.0005383327050007292,0.0,1.0,0.0,1.0,0,0,4003.2882574414766,0.010389394888367345,3616.7471728792116,0.13767144987477886,100.0,20.0
2025-11-11,4114.68,4115.06,4111.58,4115.04,20.7748,4109.840653905487,4095.360856219652,4049.175238012884,0.0012650967597910114,0.00480522827444162,0.016266216726999114,1.003535658564457,4.774245359384622,4.229260300725111,0.5449850586595115,0.004604166355902344,0.9654123203181105,-57.253600000000006,8.99221565762165e-05,0.0002333659883657635,0.000798934685544153,0.0,1.0,0.7818314824680298,0.6234898018587336,0,0,4008.803198335933,0.030843819351220124,3621.8341661838963,0.13975124497469987,100.0,20.0
2025-11-12,4128.04,4131.45,4125.72,4129.54,42.7828,4121.560468839719,4115.2994956331895,4092.222629617228,0.0019360461215136486,0.0034603810444224737,0.009119095846029887,1.0015213894427788,4.2913666475360515,2.0550916776352914,2.23627496990076,0.007059617233177714,0.9733811062777523,-9.860199999999999,0.00037548540573029143,-0.0005399228128284417,0.0008144866263100332,0.0,1.0,0.9749279121818236,-0.22252093395631434,0,0,4015.0039270300463,0.022188290370079928,3627.369746619878,0.15184287565208082,100.0,20.0
2025-11-13,4178.16,4179.07,4173.19,4174.67,60.7138,4179.924371182804,4166.78809150753,4126.5923589370905,-0.0012570493425738793,0.0018916029131729132,0.011650688238877376,1.0031526152486725,2.365792806753234,4.51013698116536,-2.144344174412126,0.0031743608578683642,0.009665340843381443,20.9371,-0.0008352959197349685,0.00027771127603548607,0.0007676956769481551,0.0,1.0,0.43388373911755823,-0.900968867902419,0,0,4023.4078396515793,0.043568081421146855,3632.8282566037597,0.14950383145940158,100.0,20.0
2025-11-14,4175.95,4177.43,4170.18,4176.31,134.1511,4167.434614512998,4175.205894359953,4164.214892137906,0.0021296999972341777,0.0002644433994353932,0.0029045349904805325,0.9981387073970526,-1.0037065279457238,-4.849737758217145,3.8460312302714215,0.008449363722884743,0.9794880228448385,-26.86069999999998,8.620792873492711e-05,0.0017992299295901404,0.0014613646019692162,0.0,1.0,-0.433883739117558,-0.9009688679024191,0,0,4033.040243663275,0.039835892188071785,3637.225288876359,0.12028529342453745,100.0,20.0
2025-11-15,4074.72,4078.95,4073.36,4078.15,80.6734,4074.61300243521,4086.9763184112535,4130.059089039761,0.0008680573008224578,-0.0021596206397115816,-0.012568606869939353,0.996974947977959,-1.799926870040963,-3.0848819710751716,1.2849551010342086,0.003613772035152104,0.8185000842502085,-0.10609999999999786,0.0008393194150286831,4.908324764185679e-06,0.0009010633616942801,0.0,1.0,-0.9749279121818236,-0.2225209339563146,0,0,4036.885398644131,0.009875088693193633,3641.769813365152,0.12416495544978277,100.0,20.0
2025-11-16,4093.96,4098.57,4093.96,4097.65,56.4855,4096.652189197797,4091.040702348368,4102.93399822429,0.00024356737065290294,0.001615554117522623,-0.0012878584511905955,1.0013716526570386,2.19510703106198,1.9455821074403687,0.24952492362161105,0.0042018234649987855,0.7312962389801029,19.776000000000003,0.000903772640115319,-0.0017069215669539561,0.0007635958816961039,0.0,1.0,-0.7818314824680299,0.6234898018587334,0,0,4039.9112751045286,0.01546289525723685,3646.2379744261957,0.12192896587989922,100.0,20.0
2025-11-17,4091.3,4093.19,4080.39,4080.75,102.592,4096.272981446138,4099.840741676561,4101.497912259346,-0.003789537835112237,-0.004656459330845721,-0.005058618266592436,0.9991297807755908,-2.1846267507289667,0.18039950217490108,-2.365026252903868,0.007037188337062235,-0.19943392571653168,36.571200000000005,-0.0024616091639328985,-0.0015327914866613002,0.0014230905172894091,0.0,1.0,0.0,1.0,0,0,4043.0760963525267,0.009325548851649896,3650.0426711980745,0.10371586386897398,100.0,20.0
2025-11-18,4028.61,4031.44,4024.17,4029.16,87.858,4035.883932193232,4046.948662146182,4072.996163429912,-0.0016660370581019226,-0.004395573957379633,-0.010762633125830713,0.9972659080021335,-3.6308145258512923,-3.6163880365715606,-0.014426489279731669,0.012842659280243356,0.43316223577551544,-85.88399999999999,0.00013652351555482056,4.964516121086504e-06,0.002352080876973029,0.0,1.0,0.7818314824680298,0.6234898018587336,0,0,4042.769269760573,-0.009206379903737889,3654.211400837895,0.11350974359802936,100.0,20.0
2025-11-19,4069.0,4069.49,4063.62,4065.08,51.3004,4064.3758445874655,4055.801884603363,4054.8588965005874,0.00017325056526751675,0.002287615534639072,0.0025207050998084,1.0021139987178986,2.371495441364914,2.51379403312428,-0.1422985917593662,0.00353936175651747,0.5803339949913293,19.400900000000004,-0.0009633816662570904,0.0008682882913906287,0.0007204325810437588,0.0,1.0,0.9749279121818236,-0.22252093395631434,0,0,4043.080840682806,0.003984377248928206,3658.616561028563,0.11980305442235585,100.0,20.0
2025-11-20,4097.12,4102.53,4095.25,4097.99,98.4165,4084.008925031191,4080.007552175215,4071.586628918802,0.003423370326915187,0.004407454543851891,0.0064847867643698116,1.0009807268258224,3.3042006281666545,-0.7371616369401957,4.04136226510685,0.010059126471753489,1.087775879415532,-2.328400000000002,0.00025873031757917,0.0016772329079943749,0.0009975588022249232,0.0,1.0,0.43388373911755823,-0.900968867902419,0,0,4045.4718101596295,0.0053190804064757995,3662.7583862919605,0.11251400454105458,100.0,20.0
2025-11-21,4074.87,4076.8,4070.0,4076.0,185.8037,4074.6762760092683,4069.091325757699,4068.6980305042366,0.0003248660509610113,0.001697842021526649,0.0017946698037107584,1.0013725300821381,2.881391092343165,2.6354595279065913,0.2459315644365736,0.0028283654212171525,0.682035386215596,-31.7389,0.0002773094601791204,-0.0012181850268638827,0.0011234461342215908,0.0,1.0,-0.433883739117558,-0.9009688679024191,0,0,4046.526158897394,0.00105617533034081,3666.7699446373144,0.108856039890489,100.0,20.0
2025-11-22,4065.92,4065.92,4061.51,4065.57,44.3819,4064.4687472340047,4064.714985331095,4062.5794475073512,0.00027094629937674013,0.00021035046048517055,0.0007361216023686191,0.9999394205748795,-1.5999866113761527,-1.3972186353004346,-0.20276797607571817,0.008568016598525846,0.45556306621861403,4.014099999999999,-8.608137887611278e-05,0.000246007301496709,0.0012795378025530102,0.0,1.0,-0.9749279121818236,-0.2225209339563146,0,0,4047.056568312438,0.0032970707135745146,3670.663378024008,0.1055385858303725,100.0,20.0
2025-11-23,4058.41,4062.02,4058.41,4061.3,81.7869,4059.4421730012864,4059.6062504182614,4060.786025317542,0.0004576557368078566,0.00041722016305503767,0.00012657024508395875,0.9999595829233542,-0.00897716751524058,-0.10239567925686757,0.09341851174162699,0.0013005881252595457,0.8669814322289199,64.52430000000001,0.0007984110634144947,0.00018485153956682154,0.00044222028350037834,0.0,1.0,-0.7818314824680299,0.6234898018587334,0,0,4047.807921246413,0.0030317838673056294,3674.5939911779983,0.10643244117879389,100.0,20.0
2025-11-24,4065.7,4066.17,4050.41,4053.41,89.2121,4056.5238140012707,4052.2937487708778,4056.1461378704835,-0.0007676064887190783,0.0002754615776461603,-0.0006745659001132824,1.0010438693472496,2.865963420967546,1.6767862304171843,1.1891771905503616,0.006257464959401102,0.5681174610400181,58.098600000000005,-0.0030203975216999135,0.0008566765381405883,0.0012630850120496145,0.0,1.0,0.0,1.0,0,0,4048.0555120335275,-0.001189586461750047,3679.260717633939,0.12620450628589025,100.0,20.0
2025-11-25,4143.83,4144.09,4136.93,4136.94,170.3415,4135.543170386273,4109.12082036099,4075.7501541226443,0.0003377620680467711,0.006770105055359577,0.015013149374590942,1.0064301711194177,9.800569683229696,10.99619573716909,-1.1956260539393941,0.007295626261154241,0.6824896312641834,-43.62210000000002,-0.0016072980017377558,0.0016413613388093218,0.0009513457027142179,0.0,1.0,0.7818314824680298,0.6234898018587336,0,0,4051.285726822171,0.022645717770637955,3683.731257756984,0.12075222406801335,100.0,20.0
2025-11-26,4128.56,4135.17,4126.44,4133.57,148.891,4130.105927255188,4131.09533406573,4111.032529965755,0.0008387370217193247,0.0005990338479636268,0.005482192094070402,0.9997604977056853,-0.6972020993471233,-1.033273833872713,0.3360717345255897,0.002680173361471098,0.880125114127384,52.99679999999999,0.0012159232660375885,-0.00016710096773242533,0.0010178550047526497,0.0,1.0,0.9749279121818236,-0.22252093395631434,0,0,4056.0517493064226,0.025472616494906536,3688.5220910131334,0.12923547622184198,100.0,20.0
2025-11-27,4165.21,4165.45,4161.41,4162.79,202.2877,4164.593928591927,4161.238671645174,4140.722973825744,-0.0004331583397703854,0.0003728044645448934,0.005329268901528989,1.0008063120651107,1.0262689724504526,1.2895538490113105,-0.26328487656085797,0.0018807924859976016,0.32284113978405987,149.2486,-0.0005810031186903597,-6.481846029737781e-05,0.0006311674723356634,0.0,1.0,0.43388373911755823,-0.900968867902419,0,0,4062.1326016094235,0.020518138269920987,3693.2197816498187,0.126561711997919,100.0,20.0
2025-11-28,4160.99,4165.35,4160.99,4165.35,66.3302,4158.932337399474,4156.147246481734,4149.447537441444,0.0015431033928624421,0.0022142510773785406,0.003832428875185072,1.0006701136299,1.525257731327656,0.5494824488914032,0.9757752824362529,0.003079944036168004,1.2101372443578087,43.4748,0.001132037378864803,0.0001875063103087271,0.0005755739083575022,0.0,1.0,-0.433883739117558,-0.9009688679024191,0,0,4067.954314327337,0.02892502633528702,3698.588938051313,0.14444185901614645,100.0,20.0
2025-11-29,4232.83,4239.26,4232.83,4238.46,155.5502,4229.970629304936,4214.169941128019,4181.8855280282505,0.002006957361890535,0.005763901126749408,0.01352846021072802,1.003749418841113,5.261680083498504,5.259739148966945,0.0019409345315590798,0.003943704326785458,1.1767245216063267,135.20739999999998,0.0013324450366423157,0.0005247482626575817,0.0006811282340351591,0.0,1.0,-0.9749279121818236,-0.2225209339563146,0,0,4076.139175899751,0.037300204320596664,3704.0570083194593,0.14688569599726226,100.0,20.0
2025-11-30,4248.13,4253.09,4248.13,4252.65,65.8367,4249.546156019995,4245.691903086165,4219.740673633851,0.0007303942270654003,0.001638860537378231,0.007798897826062107,1.0009078032560552,1.3622119870569804,0.9785267487754735,0.3836852382815069,0.002367735050079206,0.9691799237980082,17.600999999999992,0.0010639975706956406,-0.0008396641343462186,0.0006616597052539806,0.0,1.0,-0.7818314824680299,0.6234898018587334,0,0,4085.9587643737473,0.038698686096624815,3709.3742520177734,0.1426293795225522,100.0,20.0
2025-12-01,4238.09,4240.22,4227.67,4235.82,495.8113,4241.444663278846,4244.975621599916,4235.740811798942,-0.0013261196892518188,-0.002156813705437844,1.869524236173169e-05,0.9991682029213305,-2.0543620696316793,-0.6519720234730015,-1.4023900461586778,0.004296695637147389,-0.023325264618817454,401.7986,-0.0006181519615707787,-0.00028068487108556806,0.0005333119654169961,0.0,1.0,0.0,1.0,0,0,4095.267571565504,0.03801031940264427,3714.6926176693382,0.1424552276044516,100.0,20.0
2025-12-02,4243.88,4244.56,4241.21,4243.9,52.863,4248.432283468304,4251.774549401459,4246.42209124784,-0.0010668131597485902,-0.0018520618414651824,-0.0005939332439511751,0.9992139127100177,-1.6355730523700913,-0.9978340941393085,-0.6377389582307829,0.0037776480099957124,0.05927307582127989,-35.1015,7.069019550387523e-06,-0.001381260971259346,0.0009015963140640572,0.0,1.0,0.7818314824680298,0.6234898018587336,0,0,4104.220307559099,0.03079505556953609,3719.6489100308377,0.13258001007548695,100.0,20.0
2025-12-03,4212.79,4212.79,4208.4,4211.33,103.3029,4208.278378270194,4205.499116561155,4223.399181356484,0.0007251473062152131,0.001386490230347094,-0.002857693729203229,1.0006608637005996,2.923568005035122,2.265406290714963,0.6581617143201592,0.006278896601959814,0.7313651641111794,-21.30940000000001,-0.0003489365742499473,0.0008980712850021888,0.0008586523708241398,0.0,1.0,0.9749279121818236,-0.22252093395631434,0,0,4110.153248483576,0.027540761785022905,3724.5765825678445,0.13164004191158943,100.0,20.0
2025-12-04,4214.87,4218.04,4212.58,4214.91,54.1742,4214.333583818713,4215.719722200787,4219.148388402885,0.00013677516737164083,-0.00019207211440626362,-0.0010045601653961716,0.9996711976902131,-0.7795502171147746,-1.0357419686620024,0.25619175154722784,0.0024347286409153865,0.48119390814399443,27.2866,7.117640359766142e-06,9.016490686919454e-05,0.0007045350957732776,0.0,1.0,0.43388373911755823,-0.900968867902419,0,0,4116.146456813202,0.021078828000199844,3729.441989706473,0.12980708954039233,100.0,20.0
2025-12-05,4213.81,4216.32,4213.15,4215.4,46.6225,4214.728576904631,4212.207392536064,4212.907469947788,0.00015930399386752123,0.000757941660136003,0.0005916412999791557,1.000598542316087,0.7629268960490663,0.908521991367721,-0.14559509531865478,0.001691887178957035,0.7142537483424138,37.5397,0.00043905970025259755,-1.4239571293872544e-05,0.0003716157305541242,0.0,1.0,-0.433883739117558,-0.9009688679024191,0,0,4121.5970661091205,0.022428911028449374,3734.222865430787,0.12738852278286178,100.0,20.0
2025-12-06,4209.93,4209.93,4208.78,4209.0,9.9267,4208.272145445049,4217.647167420059,4218.69217023754,0.0001729580525676071,-0.002050234900362419,-0.0022974348083317333,0.9977771914996995,-4.070634802291352,-5.070610867269107,0.9999760649777549,0.0043575383267482806,0.4719240828585279,-1.4209999999999994,-0.00021853146853145766,0.0008368200836821327,0.0005280603926838362,0.0,1.0,-0.9749279121818236,-0.2225209339563146,0,0,4127.597917308315,0.020314983283634912,3738.9922896553567,0.12692128615980272,100.0,20.0
2025-12-07,4213.56,4213.56,4213.55,4213.55,27.1959,4213.7499911037785,4213.2859060123465,4214.811776051932,-4.746154949879102e-05,6.26812406148042e-05,-0.00029936711743589216,1.000110148017909,0.1806572839122964,0.27698250404541547,-0.09632522013311906,0.0008001385951606923,0.474936909137091,-20.017399999999995,0.0,-1.1866337573662733e-05,0.00013035113446111416,0.0,1.0,-0.7818314824680299,0.6234898018587334,0,0,4132.563758366512,0.019318816672061374,3743.712167370229,0.1254444283198356,100.0,20.0
2025-12-08,4213.34,4217.52,4213.22,4217.29,79.8388,4211.010493209435,4208.881893884616,4211.697368114645,0.0014912113851750218,0.0019977054066545683,0.0013278807560332519,1.0005057398564476,1.5876690318318651,0.4453176183029435,1.1423514135289217,0.0033962272003875736,1.1852526925257036,31.400200000000005,0.0009374985166161753,0.0005723201288077018,0.00034919388527983477,0.0,1.0,0.0,1.0,0,0,4137.162433279146,0.019681984460134885,3748.293140829232,0.12160384528247717,100.0,20.0
2025-12-09,4204.09,4204.1,4202.5,4202.51,35.4745,4201.561684027157,4203.564194151019,4209.901735876695,0.0002257055933389089,-0.00025078578613976863,-0.0017557977217621539,0.9995236161430224,0.17592307044378686,-0.7109083797047189,0.8868314501485057,0.002283452467643843,0.7958365872600369,12.046499999999998,-0.0003782022311553668,0.00014987617373263262,0.0004167708455458258,0.0,1.0,0.7818314824680298,0.6234898018587336,0,0,4141.133740632907,0.015287180596446416,3752.9432588309314,0.12328636732791928,100.0,20.0
2025-12-10,4215.63,4217.19,4212.13,4213.44,98.4058,4215.38886176437,4213.16997840061,4209.441012828746,-0.0004623207557545277,6.408988974437838e-05,0.000950004325768168,1.0005266541286337,0.263635474282637,0.8476954544047647,-0.5840599801221277,0.001822331688984561,0.07972041090766466,63.4125,-0.0005194953067514385,4.507240050877215e-05,0.000411163038416911,0.0,1.0,0.9749279121818236,-0.22252093395631434,0,0,4145.155915196971,0.01576396307879859,3757.7827288923154,0.12814132850347768,100.0,20.0
2025-12-11,4239.3,4245.8,4238.58,4245.78,102.2831,4235.965433377493,4220.707120915864,4212.6575475886,0.0023169609801751544,0.005940445135339118,0.007862602653367686,1.0036151080907785,7.2359889121835295,6.91076105781449,0.32522785436903945,0.010500263694703015,0.8400927816226402,40.857800000000005,0.0015261917623385912,0.0010768050061988887,0.0017919845463411049,0.0,1.0,0.43388373911755823,-0.900968867902419,0,0,4149.3103472491875,0.017747443933576135,3763.0323534804515,0.13880764167133325,100.0,20.0
2025-12-12,4285.38,4286.83,4283.9,4286.52,27.9886,4286.708012501207,4269.4591368231095,4237.398811504447,-4.385941395084292e-05,0.003996024468238826,0.011592297699756452,1.004040061076901,5.157341930504117,6.859482825987643,-1.7021408954835255,0.003429411230650896,0.5750861322964047,-71.7298,0.0002683548911763811,0.0004832722433636416,0.0006355364280661335,0.0,1.0,-0.433883739117558,-0.9009688679024191,0,0,4155.687401601762,0.031104985988218266,3768.4629768289046,0.1433865813445747,100.0,20.0
2025-12-13,4308.8,4308.81,4307.55,4308.7,17.3304,4309.793389330685,4311.731878628079,4283.2925347872115,-0.00025369878133656246,-0.0007031695646725213,0.00593176044046465,0.9995504151575374,-0.971834547990511,-1.2834083017326163,0.3115737537421053,0.0020130585803159583,0.3598450773770395,2.6493,-2.552909039865714e-05,-0.00019491141972072246,0.0005625966392964781,0.0,1.0,-0.9749279121818236,-0.2225209339563146,0,0,4164.825719492984,0.03520538202133119,3773.9189671092145,0.14384808937925328,100.0,20.0
2025-12-14,4316.8,4317.38,4316.79,4317.37,7.955,4316.398688603277,4317.156454263413,4303.44218766647,0.00022502819289777935,4.946444235898639e-05,0.003236435329245615,0.9998244757473665,-0.812272117822431,-0.34615249359866906,-0.46611962422376196,0.0025563585181436954,0.42666785303691135,-9.6195,0.00013435909553161096,0.0008787386969626443,0.0003352801644195402,0.0,1.0,-0.7818314824680299,0.6234898018587334,0,0,4173.67164562152,0.034139809375747225,3779.318280869322,0.14215043010537443,100.0,20.0
2025-12-15,4316.32,4322.44,4315.66,4319.34,90.5964,4319.785914516931,4321.09385092663,4314.111291958838,-0.00010322606854953143,-0.0004058812391342847,0.001212001194987334,0.9996973135842866,-0.9387581033979586,-0.3044708642639733,-0.6342872391339853,0.0024043963814214774,0.2967851800243995,-14.834499999999991,0.0006463495152377874,-0.00048394865050116476,0.00037367727560097454,0.0,1.0,0.0,1.0,0,0,4182.388038031751,0.03778988475747173,3784.6534223532094,0.14026292989246095,100.0,20.0
2025-12-16,4315.54,4317.6,4313.41,4317.01,174.2125,4316.355663211976,4324.665763841008,4326.0310837458655,0.00015159473386331017,-0.0017702556125882242,-0.0020853025720874068,0.998078440951781,-2.634603467292436,-3.4827442978951058,0.8481408306026696,0.003163458387678085,0.46990770599863396,145.6483,0.00034990151778480083,-0.00034746351633074823,0.0006637177115129891,0.0,1.0,0.7818314824680298,0.6234898018587336,0,0,4191.025418734817,0.02701596147783871,3790.001248996461,0.14039804106777892,100.0,20.0
2025-12-17,4322.11,4325.99,4322.11,4325.98,20.7048,4319.303358851823,4317.142962088118,4317.876660534472,0.0015457680541223966,0.002046964390451214,0.001876695446072511,1.0005004227987528,0.44187413519830443,-0.3783528951586819,0.8202270303569863,0.003969697161112857,0.9283795110181987,-78.09729999999999,0.0008953959987134663,0.00032633601036868853,0.0005325496120275558,0.0,1.0,0.9749279121818236,-0.22252093395631434,0,0,4198.4446237370885,0.032932523506726596,3795.655564926845,0.14822325826184354,100.0,20.0
2025-12-18,4358.26,4362.13,4357.25,4357.88,105.9047,4357.425776133822,4350.068072013568,4334.45686873216,0.0001042413318124129,0.0017958174118448307,0.005403936866187255,1.0016913997662682,2.5289297373255977,2.9354829181608677,-0.40655318083527003,0.0029987135983729762,0.633891771835471,71.58340000000001,-8.71907596150523e-05,0.00020654708355527518,0.0006578523812233782,0.0,1.0,0.43388373911755823,-0.900968867902419,0,0,4206.861757201887,0.03237050577309432,3801.1534200021997,0.1439133125012048,100.0,20.0
2025-12-19,4348.25,4348.25,4343.75,4343.78,48.1929,4345.480924150958,4345.471802362003,4340.651147548396,-0.0003914236837412729,-0.0003893253572795549,0.0007208255962636252,1.000002099148118,-0.14129768715429236,-0.4657877891899059,0.3244901020356135,0.0025723480959400106,0.435260603572316,39.453500000000005,-0.0010142151101952823,0.0001518103382840419,0.0008239266778349686,0.0,1.0,-0.433883739117558,-0.9009688679024191,0,0,4214.6787270016475,0.027599084184787733,3806.627714330536,0.14309050596644898,100.0,20.0
2025-12-20,4351.32,4351.33,4350.65,4350.65,6.6437,4351.414339810647,4350.760532957623,4344.109068625466,-0.00017565319019487605,-2.5405433552532564e-05,0.0015057014617277209,1.0001502741527766,-0.7204276596730779,-0.35429064062514054,-0.36613701904793733,0.0023448382810544273,0.3220624685234243,0.35409999999999986,-0.0001539762646737275,0.00010112896701341967,0.00027928044649182655,0.0,1.0,-0.9749279121818236,-0.2225209339563146,0,0,4222.534441655308,0.03175002127209087,3812.0549012526203,0.1416572197241801,100.0,20.0
2025-12-21,4352.07,4352.07,4351.6,4351.6,7.7441,4352.185901009195,4353.202255706292,4350.2928313371085,-0.00013462223869127425,-0.00036806369476430025,0.00030047831572985905,0.9997665271132843,-0.453142093326278,-0.4362443305850562,-0.01689776274122179,0.0003479846838305229,-0.01665086569531521,7.0676000000000005,-0.00010569707219110214,-2.2977571590976353e-06,5.840203121967642e-05,0.0,1.0,-0.7818314824680299,0.6234898018587334,0,0,4230.205958518428,0.030058593536213006,3817.57923059339,0.1439841156410449,100.0,20.0
2025-12-22,4367.35,4375.62,4367.35,4371.9,158.5312,4365.227131396184,4362.725245249757,4356.634025518,0.0015286417872331075,0.002102987063013527,0.003504075484096751,1.000573468647642,0.8979640311199546,0.4605239027472848,0.4374401283726698,0.0021819191930197543,1.3104139058785436,69.0366,0.0010647432594881323,0.00135968009685139,0.0005103801505120998,0.0,1.0,0.0,1.0,0,0,4238.335722894807,0.0398586351224226,3824.2200342690776,0.17278293607841863,100.0,20.0
2025-12-23,4484.98,4489.94,4483.45,4489.89,137.1218,4477.198012637055,4454.427614204798,4408.580200550314,0.002834805904746971,0.00796115435395456,0.018443534142701282,1.005111857325876,9.247301810575664,7.453436512472622,1.793865298103042,0.010579410018565457,0.9913048950484034,15.3245,0.001094765194047831,0.0008658588293051217,0.000818352764195276,0.0,1.0,0.7818314824680298,0.6234898018587336,0,0,4251.1258757847645,0.05944875113080075,3831.2527702464995,0.1826444956041047,100.0,20.0
2025-12-24,4531.01,4540.07,4529.32,4535.16,315.6213,4520.406912487781,4504.629275707449,4466.387103451087,0.0032636636032617695,0.006777633057884915,0.015397880872388732,1.0035025383476988,7.73182981915852,5.499421562107,2.23240825705152,0.007451122396747552,1.1599223325551535,-86.92259999999999,0.0009159105806431089,0.000613926412748711,0.0009305935004071635,0.0,1.0,0.9749279121818236,-0.22252093395631434,0,0,4266.06615587723,0.05754337489224696,3837.8755287515096,0.1717003238671622,100.0,20.0
2025-12-25,4496.84,4497.04,4496.5,4496.99,18.9282,4495.652662284591,4497.414076187171,4488.386726506575,0.00029747354074477386,-9.429333834678761e-05,0.001916785254402821,0.9996083496265318,-0.17574575019989425,-0.35571136720803126,0.179965617008137,0.0016962756659877824,0.6145981200327271,-28.3117,3.3356757189517694e-05,-1.5566244376596927e-05,0.0003895300201313176,0.0,1.0,0.43388373911755823,-0.900968867902419,0,0,4279.445866798009,0.050276166564288224,3844.623533440549,0.17464036744284095,100.0,20.0
2025-12-26,4516.09,4528.0,4513.75,4525.6,167.1008,4516.229182505686,4508.623929797623,4497.9138130294905,0.0020749207171800116,0.003765244222340749,0.006155339591058624,1.0016868234801755,3.2312022812402574,2.557695850467063,0.6735064307731946,0.003689010653762051,1.2410746516356828,77.08109999999999,0.0021146798640405695,-0.00016604675876730202,0.0006879239709206643,0.0,1.0,-0.433883739117558,-0.9009688679024191,0,0,4292.731042579871,0.05244189658917825,3851.7152395754692,0.18319754097457733,100.0,20.0
2025-12-27,4557.33,4562.75,4557.33,4561.46,45.1216,4558.623017968801,4551.147234068004,4526.303880279478,0.0006223331080496312,0.002265970622703455,0.007767070141643076,1.0016426152607933,2.192032325301625,2.576006718587539,-0.3839743932859139,0.003352130269970801,0.7559646599991678,42.9826,0.0009040361263368268,0.0,0.0010712696997728826,0.0,1.0,-0.9749279121818236,-0.2225209339563146,0,0,4307.545473424969,0.056311541705482124,3858.8771774901415,0.18466843844285033,100.0,20.0
2025-12-28,4571.74,4572.17,4570.0,4571.12,32.0788,4571.0117510334785,4568.988363624352,4550.584439240895,2.3681620703974912e-05,0.000466544496505751,0.004512730404916998,1.0004428523883395,0.24344926734192995,0.5413210843712241,-0.2978718170292941,0.0012871616286879233,0.37926286197218173,-67.858,-8.093641241690985e-05,0.00042454946329506527,0.0003078443318215049,0.0,1.0,-0.7818314824680299,0.6234898018587334,0,0,4322.6647299152055,0.055807073913300295,3865.7494443807873,0.17688434427977826,100.0,20.0
2025-12-29,4549.75,4549.99,4541.65,4544.8,262.1942,4554.486604221147,4558.83496534202,4557.379934791346,-0.00212682681120835,-0.0030786298360697306,-0.002760343656079699,0.9990461683403916,-1.8006190942551257,-0.7505518744205055,-1.0500672198346201,0.003459117491256403,-0.2826538389180617,38.87100000000001,-0.0010418635730204961,-0.0016392327425219788,0.0007655917187269011,0.0,1.0,0.0,1.0,0,0,4336.264011192692,0.045070131408708414,3870.7105444367,0.1275294160842858,100.0,20.0
2025-12-30,4364.34,4365.9,4357.95,4365.89,87.5481,4357.479701899987,4384.661828345307,4474.151895990081,0.001930083138734105,-0.004281248835190332,-0.024197188317882052,0.993800633319177,-5.033202275243639,-8.552858643874572,3.5196563686309332,0.005469675711246697,0.8838443554525093,-30.2461,0.0003551510652242129,0.00199741025429101,0.0012969034411504745,0.0,1.0,0.7818314824680298,0.6234898018587336,0,0,4339.980073388971,0.008847949981725164,3875.584469367678,0.12513094075625833,100.0,20.0
2025-12-31,4360.55,4363.46,4360.55,4361.0,166.0885,4363.274172039428,4376.7702261445265,4417.499394551554,-0.0005212076871082574,-0.0036031651948104297,-0.012789904311303236,0.9969164353146801,-6.041649929767118,-6.186001842951144,0.14435191318402563,0.005792479054481288,0.2687674468497711,102.69480000000001,0.00010549152169225806,-0.0001880147476933658,0.001208382677864436,0.0,1.0,0.9749279121818236,-0.22252093395631434,0,0,4342.153321851383,0.004807909026048679,3880.175569174965,0.11773035077435079,100.0,20.0
2026-01-01,4337.0,4341.59,4336.99,4341.56,34.4857,4337.439860346985,4340.038930728631,4371.297056281499,0.0009499012748698788,0.000350473646814419,-0.006802799237532205,0.9994011412286549,-0.49076675085143506,-1.3116497242936336,0.8208829734421985,0.003173367490998226,0.9583002295119519,31.9388,0.0010537262018128768,-2.3057412958937817e-06,0.0008022703360996335,0.0,1.0,0.43388373911755823,-0.900968867902419,0,0,4342.042542231422,0.00036099548849011584,3884.9781008249656,0.12299989517921957,100.0,20.0
2026-01-02,4362.84,4370.25,4361.46,4362.79,496.4609,4351.250845116542,4344.615299581787,4354.448429684092,0.002651916723304579,0.004183270362271665,0.0019156433818446202,1.0015273033576513,3.8886019168221537,0.9350661414045064,2.9535357754176474,0.0077128336833345865,1.0587061001785452,348.05729999999994,-9.16836090336659e-06,0.0008786418903417026,0.0007227698992895292,0.0,1.0,-0.433883739117558,-0.9009688679024191,0,0,4342.710543468849,0.009245252735421799,3889.5141396227273,0.1160391360400226,100.0,20.0
2026-01-03,4340.85,4344.37,4339.6,4341.61,110.978,4341.275081600861,4351.229147524353,4360.90026124008,7.714747230785586e-05,-0.0022106736276635733,-0.004423458479785292,0.9977123553860281,-2.2915867006358894,-3.7239578345916273,1.432371133955738,0.002938871174602511,0.6113266275815655,66.5718,0.00017508091733176023,-0.0005617861114499689,0.000584136643692482,0.0,1.0,-0.9749279121818236,-0.2225209339563146,0,0,4343.792825153938,-0.0005025159444294755,3894.153700422501,0.11854598844606803,100.0,20.0
2026-01-04,4355.8,4356.24,4353.13,4353.14,65.9901,4357.372623994778,4359.638874356154,4359.013351613681,-0.0009713706767858392,-0.0014906909823151902,-0.0013474039054059204,0.9994801747514672,-1.5417314462683862,-1.0735504400207287,-0.46818100624765746,0.0023383551083836183,-0.1027338447203821,-3.9532999999999987,-0.0006083856200596038,-0.0005415141745923613,0.0003842795371598649,0.0,1.0,-0.7818314824680299,0.6234898018587334,0,0,4344.663309570521,0.0018797061699784904,3899.032270567551,0.12449697662076292,100.0,20.0
2026-01-05,4384.25,4391.2,4382.6,4389.61,162.6733,4377.785533181343,4366.191686069626,4359.734288232635,0.002701015554332869,0.005363556072238066,0.006852645090780532,1.002655368326752,5.241579345034552,4.124426622620666,1.117152722413886,0.006598982871373891,1.0730332432787653,-120.84720000000002,0.0011768864965959747,0.002308914467292089,0.001263016395837181,0.0,1.0,0.0,1.0,0,0,4346.101125960436,0.013542914058760494,3904.4692629002125,0.13855423123447785,100.0,20.0
2026-01-06,4445.45,4445.99,4441.76,4444.99,143.373,4450.674450003576,4446.284706815183,4408.950969987304,-0.0012772109188016008,-0.00029118846420223937,0.00817406005601358,1.000987283423768,-0.057013770309822576,1.2022245798780848,-1.2592383501879074,0.0029855259900832473,-0.03656633591747508,-13.532600000000002,-0.00010347658842191354,-0.0011504144412962658,0.0008043336434761463,0.0,1.0,0.7818314824680298,0.6234898018587336,0,0,4352.040515638211,0.027290528186723936,3910.492454314141,0.1532562849020946,100.0,20.0
2026-01-07,4509.79,4510.2,4507.3,4509.33,260.7311,4511.408245010762,4497.713676007154,4456.140009451412,-0.0004606643641838692,0.0025827175382044172,0.011936337376243276,1.0030447845261161,4.430098872813687,5.473111652213483,-1.0430127793997954,0.00490995547122741,0.5240988454187527,178.71210000000002,-0.00010421748192834812,-0.0006957770322670864,0.0005086096816332693,0.0,1.0,0.9749279121818236,-0.22252093395631434,0,0,4359.8762302815685,0.028974164184076646,3916.138997057284,0.1434655417912629,100.0,20.0
2026-01-08,4477.97,4480.27,4476.48,4480.27,181.3266,4475.383746028723,4470.217933021644,4464.862750806247,0.0010918067027465795,0.002248674925690185,0.0034507777850441156,1.001155606523995,3.2543578785971476,2.422087305632446,0.8322705729647017,0.0042514577136462455,0.9646998283626472,172.2358,0.0005136255937401302,0.0002613473909935937,0.0005085442171162904,0.0,1.0,0.43388373911755823,-0.900968867902419,0,0,4366.041052492461,0.020235482544788082,3921.7713453452716,0.14289937003081166,100.0,20.0
2026-01-09,4482.2,4484.5,4481.35,4481.35,53.8207,4482.005392694989,4468.386903518877,4461.050953196392,-0.00014622755609719178,0.0029010684976528327,0.0045502835579728585,1.003047741717573,5.472361833789364,6.575555643974982,-1.1031938101856182,0.007858684705617233,0.5599700115459799,14.881500000000003,-0.00018740838741759802,-5.8003993351873895e-05,0.0007219686515969989,0.0,1.0,-0.433883739117558,-0.9009688679024191,0,0,4371.5359900452695,0.023905558639504252,3927.6089438990502,0.14788668230405136,100.0,20.0
2026-01-10,4508.46,4509.14,4508.45,4509.13,17.2769,4509.595818503651,4501.952618776004,4481.551332453627,-0.00010329495644359504,0.0015942818220835986,0.0061538216346333965,1.0016977521477612,2.235241087455506,3.013054212263437,-0.7778131248079307,0.0033435983551570194,0.5034159014257659,-6.448499999999999,0.0001508278898514348,-6.6537288605506e-05,0.0005128356147027462,0.0,1.0,-0.9749279121818236,-0.2225209339563146,0,0,4379.022182934066,0.029743584669092625,3933.53741211896,0.14996236874820407,100.0,20.0
2026-01-11,4523.43,4523.43,4522.65,4522.66,24.2324,4519.158847301029,4515.220592907536,4501.973222504195,0.0007747354800467001,0.0016476287125704052,0.0045950467658041,1.0008722174946842,2.168665422403137,1.0273447685189896,1.1413206538841476,0.003554101121099742,0.9570061181793813,-5.667200000000001,-0.00016801446692993327,0.0003892375808884907,0.0002881180743547446,0.0,1.0,-0.7818314824680299,0.6234898018587334,0,0,4387.115993711025,0.031098791662804128,3939.6145522968814,0.15348594124533824,100.0,20.0
2026-01-12,4544.35,4556.24,4541.04,4556.24,169.9922,4535.689346681921,4520.309304420565,4512.516772816626,0.004530877612487403,0.007948725000808392,0.009689321809674393,1.0034024313881165,8.874758020573609,4.6667303411074235,4.208027679466185,0.012382934879741079,1.112924795095245,52.9316,0.0026296737224076328,-0.00045750785791742743,0.0008990879870171344,0.0,1.0,0.0,1.0,0,0,4395.539847042259,0.04139426766434037,3946.3378900849725,0.16951718999931442,100.0,20.0
2026-01-13,4615.3,4615.31,4609.21,4609.8,39.9883,4608.797017340882,4608.702164464582,4569.000259943171,0.00021762352634413642,0.0002382092607075077,0.008929686525633229,1.000020581255398,-2.243843829905927,-2.030733280054336,-0.21311054985159128,0.006994832644706113,0.4397985579580888,-15.744299999999996,-0.001193852633950998,0.0024848659931753225,0.0013795136226439576,0.0,1.0,0.7818314824680298,0.6234898018587336,0,0,4408.05254943947,0.0456771892581302,3952.8914434174603,0.16496242457364005,100.0,20.0
2026-01-14,4604.97,4613.98,4603.96,4610.3,168.5291,4601.32758361469,4604.508095909508,4591.994029865459,0.0019499625319571922,0.0012578768393605266,0.003986496936947745,0.9993092612221395,-1.077565725921886,-3.251780174060321,2.174214448138435,0.0049986357160056874,1.016316829224017,135.9236,0.0011574451082199122,0.0008628559008911907,0.0007981627932814126,0.0,1.0,0.9749279121818236,-0.22252093395631434,0,0,4419.932247172156,0.048233262617145285,3959.6130210948986,0.16890463167538725,100.0,20.0
2026-01-15,4628.41,4630.02,4625.9,4628.27,69.7284,4631.848792497742,4633.988382389554,4618.003614798043,-0.0007726488186613181,-0.0012340087884737316,0.0022231219501561007,0.9995382832853135,-1.7285207667946452,0.05852028049259933,-1.7870410472872444,0.006747724375542509,0.21248917921591265,-41.69420000000001,-3.024796852468814e-05,0.001581874445478304,0.0011958514955827944,0.0,1.0,0.43388373911755823,-0.900968867902419,0,0,4432.11819685896,0.038643329336844105,3966.2237373029097,0.1658419459574867,100.0,20.0
2026-01-16,4623.98,4623.98,4615.66,4619.99,128.9757,4624.814692352413,4623.775577095422,4619.3566789060305,-0.0010432185229801902,-0.0008187199037458582,0.00013710157885431538,1.0002247330649303,-0.04428080186698935,0.9297880844422672,-0.9740688863092566,0.0034490688019355015,0.13224465768131924,97.40249999999999,-0.0008650537739052222,0.00035479788419290337,0.0006612128709617655,0.0,1.0,-0.433883739117558,-0.9009688679024191,0,0,4443.0937747564985,0.03752030312541353,3972.5613120561147,0.1587360492159416,100.0,20.0
2026-01-17,4603.16,4605.6,4603.16,4603.85,24.4693,4604.504403875431,4605.203110613957,4612.190997324404,-0.00014212254306460384,-0.000293822135844045,-0.001808467457059365,0.9998482788442241,0.5401177020476098,0.4048360530983648,0.135281648949245,0.0033298618378453273,0.5411010203692689,-0.40789999999999793,0.00015206977830417578,-7.820119865076247e-05,0.0005237752767822095,0.0,1.0,-0.9749279121818236,-0.2225209339563146,0,0,4452.6358963544235,0.036015543911163704,3978.9178164137656,0.15895582989353813,100.0,20.0
2026-01-18,4611.4,4613.0,4611.39,4613.0,6.4641,4610.585309035679,4609.404304694856,4610.644350323044,0.0005237276403039643,0.0007800780898046373,0.0005109155029038496,1.0002562162619624,0.7410701113494724,0.2978803470010093,0.44318976434846313,0.0014038901061376357,1.0914286239376392,3.4178,0.00034913551011728217,8.674249406315226e-06,0.0002023527709200387,0.0,1.0,-0.7818314824680299,0.6234898018587334,0,0,4461.845908318214,0.03459646407644984,3985.949479932037,0.17552919915078627,100.0,20.0
2026-01-19,4685.55,4689.29,4675.51,4676.11,396.8492,4663.373132310247,4637.703171630888,4622.027620625258,0.0027312563949698897,0.00828143306023727,0.011701007396278858,1.0055350589999772,12.985037626871417,7.740683475449771,5.244354151421646,0.018268534401047167,0.8626472747610028,139.16719999999998,-0.002025354276933733,0.00010885596648102513,0.002270687813644442,0.0,1.0,0.0,1.0,0,0,4472.434852026227,0.044672567535166074,3992.8949577436583,0.17307618897314067,100.0,20.0
2026-01-20,4683.97,4685.89,4682.1,4682.73,208.3777,4687.023149512751,4685.068887098339,4659.972543601928,-0.0009159650754440317,-0.0004992214959271544,0.004883603108202257,1.0004171256520462,-0.1165478899192749,1.0492763696131475,-1.1658242595324224,0.002856451686530175,0.0873214204175875,175.65540000000001,-0.00026473269470139726,-3.6292681260596815e-05,0.0004792977574583147,0.0,1.0,0.7818314824680298,0.6234898018587336,0,0,4484.70204136373,0.0458710426554256,4000.9925203531743,0.20137690224317248,100.0,20.0
2026-01-21,4806.79,4817.57,4804.28,4814.56,836.9128,4797.1332815244605,4774.656216199819,4719.614025687223,0.0036327359389109917,0.008357415066825703,0.0201173176018249,1.0047075777410694,8.334226377166488,6.952624645409964,1.3816017317565237,0.008707508873183072,1.112343105395191,-761.0086,0.0016352175088940601,0.0020973014443441684,0.0014185690751013285,0.0,1.0,0.9749279121818236,-0.22252093395631434,0,0,4502.302522890138,0.08308803666745311,4008.943341046178,0.19733545516943482,100.0,20.0
2026-01-22,4800.05,4814.89,4800.0,4810.75,160.8736,4825.568139061356,4849.696049406414,4809.137535831011,-0.003070755325452445,-0.008030616560223617,0.00033529175594907573,0.9950248613316682,-11.682278667713945,-7.904086185349572,-3.778192482364373,0.01769145274691581,0.2260698362641754,-123.16239999999999,0.0022291434464223325,-0.0016431119292005247,0.0034528015763798134,0.0,1.0,0.43388373911755823,-0.900968867902419,0,0,4522.247862474804,0.06378512330532464,4018.605397354176,0.23923090415366144,100.0,20.0
2026-01-23,4980.0,4982.8,4972.86,4973.76,215.0452,4963.922533716248,4918.531761064316,4854.963074030673,0.001981792869839058,0.011228602684418453,0.024469171888201417,1.009228520797863,17.550656927817727,18.194746530058623,-0.6440896022408964,0.012249991286256912,0.8570783117717004,24.752099999999984,-0.0012490010000039131,0.004194241789973185,0.0016671147535200828,0.0,1.0,-0.433883739117558,-0.9009688679024191,0,0,4544.881539056611,0.09299878496527848,4028.443254096921,0.24298883815915076,100.0,20.0
2026-01-24,5007.31,5010.0,5007.3,5008.19,310.0104,5004.9836929746725,4989.339406880645,4931.088670196304,0.0006406228715245693,0.0037781741393176525,0.015635762193792924,1.0031355425675097,5.059063181222882,5.626259707507929,-0.5671965262850467,0.002522915966664641,0.9243475414593353,255.4694,0.00017574306364087633,-0.00013178992685658475,0.0005545763310242488,0.0,1.0,-0.9749279121818236,-0.2225209339563146,0,0,4570.661390546574,0.10022370294174134,4038.8059082850114,0.2552942912160926,100.0,20.0
2026-01-25,5069.89,5075.84,5069.89,5075.09,91.8012,5085.803189219213,5075.8793736447915,5009.877494941621,-0.0021064891464778754,-0.0001555146579900935,0.013016786363383716,1.0019550928703997,0.010602502313304285,5.0056523167321565,-4.995049814418852,0.010625275236575287,0.10883141718683877,-68.58850000000001,0.0010256632786904696,-0.004889298892988947,0.0019525015715742412,0.0,1.0,-0.7818314824680299,0.6234898018587334,0,0,4599.333623477997,0.10781048236875625,4049.0700286005836,0.2522258109110515,100.0,20.0
2026-01-26,5070.35,5078.92,5070.35,5075.0,382.4636,5079.755244838641,5085.732433681569,5054.855367790547,-0.0009361169208837393,-0.002110302463120315,0.00398520447050072,0.9988247142528887,-5.3790080494700305,-0.1498592845083424,-5.229148764961688,0.014738753569747923,0.2576707415560178,-80.74950000000001,0.0009170964529074954,0.0023366472077857026,0.00239798313698909,0.0,1.0,0.0,1.0,0,0,4627.338246797589,0.10340323695453871,4059.109530803563,0.24609596307165515,100.0,20.0
2026-01-27,5058.04,5067.68,5052.7,5064.99,175.682,5051.502581855654,5074.97838228408,5077.342415067607,0.0026699814413221677,-0.0019681625283268253,-0.0024328505067829076,0.9953742068123135,-9.288403829795243,-14.804817650852339,5.516413821057096,0.016692317917249493,0.6960111886379196,18.685699999999997,0.0013740500272831913,-0.003017729902332844,0.00338242308688926,0.0,1.0,0.7818314824680298,0.6234898018587336,0,0,4654.348850341202,0.09375342581525865,4070.391923531886,0.27579606523345146,100.0,20.0
2026-01-28,5193.0,5193.0,5180.0,5184.6,331.3562,5190.959290741986,5144.61473928607,5103.453750139644,-0.0012250704322276087,0.007772255599352989,0.015900261633239172,1.0090083619093986,20.312127290110766,23.615771840459818,-3.303644550349052,0.025343055895136517,0.5403399630803641,198.5727,-0.001615639544847891,0.0014424810674358302,0.003000096275293992,0.0,1.0,0.9749279121818236,-0.22252093395631434,0,0,4682.946460754673,0.12247706525196883,4085.0293173275886,0.35652637215959965,100.0,20.0
2026-01-29,5541.46,5547.79,5487.05,5533.02,1431.9294,5491.684946882764,5377.023498854034,5244.161498547674,0.007526843494672674,0.029011682983943188,0.05508192330314843,1.0213243345604064,54.182811113987555,43.695234001330576,10.487577112656979,0.05087237913572836,0.8704251826602529,116.44779999999992,-0.0015212624854504808,-0.0018372916160059871,0.0031109027128145613,0.0,1.0,0.43388373911755823,-0.900968867902419,0,0,4724.409341354999,0.17974324350172613,4098.905045513384,0.33683018736865933,100.0,20.0
2026-01-30,5479.54,5490.34,5471.67,5485.3,290.6223,5453.206126483875,5436.95079682873,5387.5948590226035,0.005885321913701223,0.008892705668675817,0.0181352056964287,1.0029897878907836,17.949529344219627,7.649037499997203,10.300491844222424,0.03332904432414574,0.87323012751565,-100.08210000000003,0.0010511831285109352,0.0004327052109027729,0.0032608853546589574,0.0,1.0,-0.433883739117558,-0.9009688679024191,0,0,4764.319453618686,0.09843599929578727,4107.119423169967,0.19900336284821207,100.0,20.0
2026-01-31,4924.45,4939.16,4923.53,4938.75,292.9966,4925.218112971936,4986.954483553505,5185.128861805195,0.0027474695978284445,-0.009666116607336002,-0.04751643948910818,0.987620426297218,-13.140803562901056,-21.07897942156988,7.938175858668824,0.016054147890406115,0.6955102403730745,140.2306,0.002903877590390902,-0.0016340564945637182,0.0034850785778860987,0.0,1.0,-0.9749279121818236,-0.2225209339563146,0,0,4780.809683725888,0.03409470927675146,4114.410573188176,0.17632402355258184,100.0,20.0
2026-02-01,4839.88,4863.58,4833.14,4862.58,333.7033,4844.504297496333,4874.956831957175,5010.3075234756125,0.003731176895231359,-0.002538859806109598,-0.02948472180269188,0.9937532709497621,-9.357162278056421,-13.404146747268321,4.0469844692119,0.009178078589264187,0.8983441935780115,76.8854,0.004690198930551892,0.0010424336689527358,0.002375343135527632,0.0,1.0,-0.7818314824680299,0.6234898018587334,0,0,4787.335909411939,0.014303172345487836,4120.778627186304,0.15376253619484928,100.0,20.0
2026-02-02,4754.64,4858.02,4752.53,4856.41,834.0309,4802.744003970118,4826.680407697805,4906.144870951368,0.01117402801097037,0.006159428383694243,-0.010137260977726449,0.9950408144509605,-10.231709176024196,-9.85447866854581,-0.37723050747838727,0.023828853387330488,0.8721003422664012,38.70749999999998,0.02145591452128559,-0.007092198581560294,0.00684173810918995,0.0,1.0,0.0,1.0,0,0,4788.112787840938,-0.024442362372526855,4127.480929403357,0.1615704789441736,100.0,20.0
2026-02-03,4794.37,4818.0,4787.8,4804.99,827.2812,4750.689890981562,4720.784465025732,4786.153600144151,0.011429941811507882,0.017837191169838493,0.003935602872269195,1.0063348424774285,18.78415969828893,6.430334311415564,12.353825386873368,0.029984863171098868,1.1090154468660018,359.9135,0.0022171885298558625,0.006930792882705816,0.0039767438360119615,0.0,1.0,0.7818314824680298,0.6234898018587336,0,0,4784.876228027633,0.00936780176461185,4135.793059459044,0.1999754167219222,100.0,20.0
2026-02-04,4962.86,5004.52,4962.01,5003.92,355.5721,4967.002350871232,4947.943477832674,4876.043697485627,0.007432581368175225,0.011313088441310407,0.02622542176566506,1.0038518776788667,5.138827703339302,3.234998169684742,1.9038295336545605,0.010979080892427396,1.2585711507333313,177.98209999999997,0.008275486867424853,-0.00024375209002314158,0.002833594359377509,0.0,1.0,0.9749279121818236,-0.22252093395631434,0,0,4795.899875510927,0.06200924377250283,4144.699596180845,0.21381535217552278,100.0,20.0
2026-02-05,5030.99,5039.36,5017.01,5017.45,266.9739,5011.570069170647,4996.350154906858,4966.285945357197,0.001173271200082387,0.004223051715544812,0.010302277236097118,1.0030462064891192,14.580626222831597,7.0533205363653995,7.527305686466198,0.02439729540279537,0.7612115637064493,0.9225000000000136,-0.0026734779065376024,-0.002328145574540419,0.0029684153146454584,0.0,1.0,0.43388373911755823,-0.900968867902419,0,0,4807.799984641395,0.0181538366066439,4150.2247743283,0.13246396413810527,100.0,20.0
2026-02-06,4699.97,4700.85,4663.91,4665.29,1804.8427,4746.563968851047,4827.821580684149,4902.002601909039,-0.017122695361192094,-0.03366561459819249,-0.04828895884650361,0.983168886738025,-38.515418937414324,-27.163865995637888,-11.351552941776436,0.04117471268929343,-0.1440302526653826,490.0936999999999,-0.007380882471840211,-0.008706546361094025,0.0028701291685412785,0.0,1.0,-0.433883739117558,-0.9009688679024191,0,0,4809.2334914538405,0.00011987534961326607,4158.105821349909,0.1885868740097423,100.0,20.0
2026-02-07,4942.28,4944.25,4929.89,4935.45,247.3482,4949.586540550411,4934.838288876884,4903.737925516985,-0.002856105340232949,0.000123957683576954,0.006466918698488801,1.002988598776736,1.3526290006502677,4.7736756133865486,-3.421046612736281,0.006324938577706938,-0.038245738110157614,110.5522,-0.001379932702988862,-0.001065175824753184,0.0012096066794124788,0.0,1.0,-0.9749279121818236,-0.2225209339563146,0,0,4815.647476861223,0.02403467523212817,4166.409544520557,0.19830514658983664,100.0,20.0
2026-02-08,4992.63,4996.4,4990.57,4993.29,67.0177,4990.137260820679,4973.704030269458,4939.222371297525,0.0006317940799091632,0.003937904147762724,0.010946587263750151,1.0033040226059313,6.193016449557945,7.183028326025539,-0.9900118764675945,0.004322501704820602,0.6852200621876403,29.112300000000005,0.00013219485521664964,0.000430820281816624,0.0006918730162136673,0.0,1.0,-0.7818314824680299,0.6234898018587334,0,0,4824.644172378123,0.03574684918926707,4175.136215719357,0.2079701689759211,100.0,20.0
2026-02-09,5043.41,5052.0,5035.08,5043.64,1264.5903,5030.782394661768,5015.436441868583,4983.303186812633,0.0025557864223814397,0.0056233507209813025,0.012107794955570347,1.0030597442458005,7.261395954968975,5.381574420983586,1.879821533985389,0.009561642908499923,0.9150527850400318,948.2666000000002,3.965547324846774e-05,-1.9827343492928584e-05,0.002269477099466396,0.0,1.0,0.0,1.0,0,0,4835.68347014852,0.03877766835009987,4183.710482229612,0.2039193489592824,100.0,20.0
2026-02-10,5036.99,5050.0,5036.99,5041.7,368.9632,5050.34655411887,5056.0161824722645,5021.908270591278,-0.0017120714442493401,-0.002831514369335829,0.003941077443533567,0.9988786372217222,-6.925496050876063,-1.4816239491189318,-5.443872101757131,0.016597773062587827,0.18702285020379847,190.89239999999998,0.0009629034019276173,-0.0015165031222121872,0.0026419413570373165,0.0,1.0,0.7818314824680298,0.6234898018587336,0,0,4847.674992997754,0.038046075132646795,4192.273562008422,0.20323731869811273,100.0,20.0
2026-02-11,5044.3,5046.44,5035.67,5037.61,21.4899,5039.405281389328,5036.858351141594,5031.8953752741345,-0.00035624866211059425,0.00014922969954787052,0.0011356803549505139,1.0005056585018233,2.505787842242171,0.9460480375607916,1.5597398046813793,0.005321124311840167,0.600890712154932,-84.6147,-0.0013262494300498862,-0.0006280374128028177,0.0009439113526910658,0.0,1.0,0.9749279121818236,-0.22252093395631434,0,0,4859.061017715308,0.0411558903161749,4201.037208157592,0.20756369168765942,100.0,20.0
2026-02-12,5073.1,5078.69,5064.4,5068.72,152.6744,5082.598949850996,5086.019095467541,5061.782725897632,-0.0027306797148342393,-0.0034013036803099855,0.0013705199290508546,0.9993275397609905,-3.9916517047413436,-0.4484374559353451,-3.5432142488059983,0.007972362819179984,-0.07887240416750162,88.10289999999999,-0.00084762133798022,-0.0006599203761742389,0.0010340054547299349,0.0,1.0,0.43388373911755823,-0.900968867902419,0,0,4872.065259779129,0.039979911974681176,4208.270867777916,0.17103203544550652,100.0,20.0
2026-02-13,4928.02,4954.91,4921.42,4949.69,173.4433,4934.088840669831,4975.742769017057,5032.214282719647,0.0031619129354894795,-0.005235955761074063,-0.016399198858250343,0.9916286009384174,-13.099787815148375,-17.542475018407984,4.442687203259609,0.008174981240098326,0.8443739913119864,73.64829999999999,0.00439730358237167,0.0014896284870620224,0.0019396140813745444,0.0,1.0,-0.433883739117558,-0.9009688679024191,0,0,4880.362214345777,0.021973325123081852,4216.599117849777,0.196523515513325,100.0,20.0
2026-02-14,5045.12,5045.12,5042.55,5043.77,39.6503,5044.366682019484,5025.4071305249445,5016.924850483379,-0.0001182868052813015,0.0036540063318487408,0.005350917208583529,1.0037727394024212,6.035808349673971,7.503590684655808,-1.4677823349818366,0.0032039909625060504,0.550255013690626,15.1783,-0.0002953267026872819,-1.9820544787663152e-06,0.0007368445457449224,0.0,1.0,-0.9749279121818236,-0.2225209339563146,0,0,4887.899020888766,0.03152703819221159,4224.631365433362,0.18917831295433177,100.0,20.0
2026-02-15,5023.84,5024.69,5022.3,5022.3,26.3233,5024.709276288618,5028.046234168631,5025.35411890676,-0.0004794857087527067,-0.0011428363823668434,-0.0006077420286203186,0.9993363311066361,-1.6114401373615692,-1.2014432112071494,-0.40999692615441985,0.0021311153697743546,0.07546085456543779,11.3254,-0.00030653842479055893,-3.7818245511966886e-05,0.00035898717765338865,0.0,1.0,-0.7818314824680299,0.6234898018587334,0,0,4896.20584204751,0.028236998690944523,4232.594237419099,0.18719152324509694,100.0,20.0
2026-02-16,5024.86,5025.23,5009.5,5021.8,76.6777,5029.485849469489,5033.777476355041,5031.29698230454,-0.0015281580860396619,-0.002379421102999029,-0.0018875813409427104,0.9991474341276089,-2.2412974415665303,-0.9536546538735082,-1.287642787693022,0.0044688270586831945,0.054662301947361804,-25.183899999999994,-0.0006169277000536155,-3.9800202981221666e-05,0.0009608465898720476,0.0,1.0,0.0,1.0,0,0,4903.781604679915,0.01771661185668879,4240.216085802988,0.17885265723513127,100.0,20.0
2026-02-17,4998.6,4999.57,4985.0,4987.35,131.3914,4997.626600451114,5000.910938352017,5013.504142666909,-0.0020562961727045473,-0.0027116936332574728,-0.0052167390157965765,0.9993432520711947,-1.086596742097754,-0.1975020275179593,-0.8890947145797947,0.0026428131739914466,-0.4051078000497718,97.863,-0.002248634114820347,5.2017373803003863e-05,0.0006800466981890539,0.0,1.0,0.7818314824680298,0.6234898018587336,0,0,4909.155924173282,0.011833821684223884,4246.449856093506,0.1460655759343166,100.0,20.0
2026-02-18,4866.71,4875.84,4866.23,4871.69,97.2137,4882.106723998909,4895.897742328311,4949.119108437355,-0.0021336534794915204,-0.0049444950859613744,-0.015645028285003828,0.9971831482079028,-3.8323774931077423,-2.2932362171209455,-1.5391412759867968,0.005633421138771158,-0.031737545493597086,9.248599999999996,0.0010232785598482952,-0.0033870885168688636,0.0010960045636032663,0.0,1.0,0.9749279121818236,-0.22252093395631434,0,0,4908.904854645662,0.0032033917584399253,4253.748464490586,0.17072272645448544,100.0,20.0
2026-02-19,4979.96,4979.96,4968.32,4973.38,123.2742,4982.8228222207135,4977.033610069239,4957.024648258031,-0.0018950748516691198,-0.0007340939112501579,0.003299429174256005,1.0011631852635599,-1.0033072108162742,0.7050255879062168,-1.708332798722491,0.0029979935329148546,-0.2755483657477614,22.07079999999999,-0.001321295753379581,-0.001321554982904094,0.0009305161272520874,0.0,1.0,0.43388373911755823,-0.900968867902419,0,0,4912.3777281139455,0.015658867486069344,4261.151066833963,0.17285445214532144,100.0,20.0
2026-02-20,4997.7,5004.59,4996.11,5003.2,50.4786,5004.4579856234595,5002.61767239033,4984.297745057261,-0.00025137300124680663,0.00011640458012287017,0.003792360711493157,1.0003678700539693,0.6122903575651435,1.0507104234934834,-0.43842006592833993,0.0036371712383582943,0.4448935713662234,-22.829499999999996,0.0010985031144263857,-0.0015782292268075038,0.0007095734800381472,0.0,1.0,-0.433883739117558,-0.9009688679024191,0,0,4917.743341324827,0.016809876591262367,4269.657822387855,0.198241220449552,100.0,20.0
2026-02-21,5116.08,5118.41,5116.08,5117.61,66.8308,5113.237578753093,5083.6681111447,5031.410267739671,0.0008551179520927281,0.00667665317900882,0.01713232029854982,1.0058165613808598,10.948528431159502,12.196403402089732,-1.24787497093023,0.009541141075755797,0.7263733642280413,-18.3664,0.0002990570905849754,0.0007687567853056354,0.000887594382300827,0.0,1.0,-0.9749279121818236,-0.2225209339563146,0,0,4926.67770576116,0.038807550576175014,4278.336650025787,0.20184090701908838,100.0,20.0
2026-02-22,5141.88,5142.55,5140.26,5140.27,33.2093,5143.621999318692,5140.841853371227,5095.507684732348,-0.0006516807259817923,-0.00011123730072575585,0.008784662498257746,1.0005407958514891,-0.6367740383839191,0.7617621392561947,-1.3985361776401137,0.002587987714284723,0.0434986670429134,-16.9908,-0.0003131150474144917,0.00025094395779468037,0.00031748079870318885,0.0,1.0,-0.7818314824680299,0.6234898018587334,0,0,4938.655685711003,0.037610298451542276,4287.374991816576,0.20975888740778909,100.0,20.0
2026-02-23,5186.49,5191.38,5157.37,5161.54,455.6765,5168.167806276822,5154.478833642609,5127.058362314275,-0.0012824286140192343,0.0013699088860940885,0.006725423283490914,1.0026557433013144,6.202163625030153,5.0575522428488515,1.144611382181301,0.007606142255056918,0.5234380514112948,75.47929999999997,-0.004848949908322964,0.0011774720639925462,0.0014109511534492875,0.0,1.0,0.0,1.0,0,0,4951.395280312443,0.04670294060484812,4297.001210803476,0.22290168008061326,100.0,20.0
2026-02-24,5254.8,5254.8,5236.09,5246.0,462.9158,5252.121763360809,5225.410051427857,5174.818709214323,-0.0011655791005294768,0.00394035078003432,0.013755320676052184,1.005111888190603,9.467532604278858,10.910788452651115,-1.4432558483722566,0.0073251098335532895,0.47154976596356796,256.9514,-0.001676559190532223,-0.0011860750230466843,0.0010749779723491797,0.0,1.0,0.7818314824680298,0.6234898018587336,0,0,4966.003531247986,0.04516437963459313,4305.6370196512025,0.1995669807805595,100.0,20.0
2026-02-25,5164.91,5166.94,5156.01,5160.43,58.8277,5161.874330288076,5171.437694284638,5176.807037303652,-0.00027980733269708036,-0.0021285559133398355,-0.003163540225787783,0.998150733981165,-3.7980924413759567,-3.0627964993279586,-0.7352959420479981,0.008171800621694775,0.3263553789526483,11.798000000000002,-0.0008654572208560696,-4.840130489913719e-05,0.0013421569979598761,0.0,1.0,0.9749279121818236,-0.22252093395631434,0,0,4978.602704292706,0.044260871733608084,4314.290482142235,0.19957383987510988,100.0,20.0
2026-02-26,5175.74,5179.2,5167.27,5179.19,120.841,5179.133227149089,5192.971862733764,5190.1274724522855,1.0961844080939232e-05,-0.0026539451970974907,-0.0021073610446639035,0.9973351221707968,-7.177262950378463,-7.808618894286128,0.631355943907665,0.011234310563776644,0.4118938991665358,9.719799999999992,0.0007497135437295466,-0.0016955691441137288,0.0015780422976521666,0.0,1.0,0.43388373911755823,-0.900968867902419,0,0,4991.456396082063,0.04194439203801758,4323.056347991566,0.2017562534001316,100.0,20.0
2026-02-27,5195.26,5202.06,5191.35,5198.99,1187.4304,5197.802091325735,5194.388372375201,5192.037899749399,0.00022854057414904504,0.0008858843996478199,0.0013389925853461763,1.0006571936300892,1.3684376173014243,2.157674616874741,-0.7892369995733168,0.0034243530262623857,0.4690537477803632,1167.8155,0.0007179621424142635,-0.0007462772689329489,0.0008785164573636221,0.0,1.0,-0.433883739117558,-0.9009688679024191,0,0,5003.190307036609,0.0389530841329968,4332.684245026477,0.22110444721957095,100.0,20.0
2026-02-28,5290.66,5290.66,5284.61,5289.46,108.8804,5292.119840033289,5262.434344388401,5220.8805963698005,-0.000502603892898983,0.005135580577915998,0.013135600855894766,1.0056410196692607,10.938637519030635,12.879397500492857,-1.9407599814622216,0.009318596411140639,0.562949837071455,67.904,-0.0002268148019339833,-0.00047419599219378217,0.0007438985524458446,0.0,1.0,-0.9749279121818236,-0.2225209339563146,0,0,5017.765391591499,0.05748865997041116,4343.003605772482,0.2364208016918943,100.0,20.0
2026-03-01,5369.79,5372.83,5364.0,5365.96,135.8871,5378.513735751618,5397.438539904792,5329.5242277633,-0.002334052931420735,-0.005832125678145768,0.006836590036854333,0.996493743464931,-11.658492467729047,-10.36680129219993,-1.2916911755291167,0.012907602732042077,0.1809903574641567,34.4239,-0.0007113885485066085,8.753452492027414e-05,0.0018754469899618321,0.0,1.0,-0.7818314824680299,0.6234898018587334,0,0,5039.402138684275,0.057675068057102825,4353.883669396637,0.2486438345178353,100.0,20.0
2026-03-02,5436.6,5439.67,5408.62,5421.99,408.0798,5422.620759289924,5409.04685453081,5368.664154036892,-0.00011632000796722513,0.0023928699117013127,0.00993279602394392,1.0025094818226141,4.54945028846214,5.725552679355358,-1.1761023908932184,0.010133117192209109,0.5037222703683397,88.09859999999998,-0.0026598239660072798,0.0013556599724815488,0.0024757784493899815,0.0,1.0,0.0,1.0,0,0,5060.480204813509,0.06958031272438647,4363.894876666322,0.22826285955234413,100.0,20.0
2026-03-03,5360.44,5366.37,5352.21,5365.66,137.8873,5350.809902155017,5358.448358837633,5373.4097670844,0.00277529908864863,0.0013458450430846123,-0.001442243830327768,0.9985745021373551,0.8567792618687236,-2.5220548193926646,3.378834081261388,0.00632111396667607,1.0339637665424357,86.32830000000001,0.0010541025110026858,0.002412518164017774,0.001404947206056321,0.0,1.0,0.7818314824680298,0.6234898018587336,0,0,5078.955631621426,0.057422113822535786,4371.642688838797,0.176342708229426,100.0,20.0
2026-03-04,5143.32,5143.32,5125.14,5135.2,203.8355,5133.071300860988,5153.659817173325,5267.502717038756,0.000414702819081148,-0.0035818850735572783,-0.02511678192605334,0.9960050688165853,0.2717996902993036,-4.195950180271863,4.467749870571167,0.009871277201046193,0.68413403015056,75.74680000000001,-0.0014292520247737306,-0.00043733478463692244,0.0014857572299442517,0.0,1.0,0.9749279121818236,-0.22252093395631434,0,0,5084.778421402154,0.020052314997381807,4379.676094920003,0.18250753885821244,100.0,20.0
2026-03-05,5179.0,5184.26,5172.75,5182.48,171.0193,5166.743664528351,5161.043967285086,5205.7692813480935,0.0030456969599024033,0.004153429587268094,-0.004473744434187239,1.0011043690538957,5.3167724957020255,1.2966467933596795,4.020125702342346,0.009624330740347024,1.0478847550461194,-64.57440000000003,0.0006719443908089762,0.001907473970524931,0.0010077416182142798,0.0,1.0,0.43388373911755823,-0.900968867902419,0,0,5090.102131685826,0.01933711068417694,4386.831059149656,0.16228547013805972,100.0,20.0
2026-03-06,5098.74,5107.49,5087.83,5106.76,599.6756,5101.687938035659,5109.78237754384,5159.250933358696,0.0009941929075133833,-0.0005914885058750108,-0.010174138462484867,0.9984158934940646,0.6865507513339253,-1.8659866525636732,2.5525374038975985,0.006206725726556395,0.8490765490406523,505.49460000000005,0.0015709732777642316,-0.0025919405320813382,0.0011552267830906566,0.0,1.0,-0.433883739117558,-0.9009688679024191,0,0,5092.395455049905,0.009473841019603768,4394.747665526276,0.1792372155181281,100.0,20.0
2026-03-07,5182.44,5187.42,5180.98,5181.12,94.9696,5180.250657010326,5158.595783454256,5148.976650352471,0.0001678187113392732,0.0043663464809528905,0.006242667588195199,1.0041978232963176,7.736939752781836,9.208248860626705,-1.4713091078448688,0.005865532887404221,0.6531646402047852,64.3265,-0.0002566353751604078,0.0009831265355315644,0.0008434742255533301,0.0,1.0,-0.9749279121818236,-0.2225209339563146,0,0,5095.704847358216,0.014946931763771633,4402.485002187706,0.17487055547712907,100.0,20.0
2026-03-08,5172.34,5172.93,5171.32,5171.32,15.0981,5173.51274644731,5176.839008822026,5167.377205424799,-0.00042384092874148295,-0.0010660962824265833,0.0007630165978712008,0.999357472316785,-1.732049615107826,-1.7055259049939804,-0.026523710113845578,0.0024479170137715715,0.3506742702937704,-3.897999999999998,-0.000199135789341498,-7.73283069933628e-05,0.0005696437752484684,0.0,1.0,-0.7818314824680299,0.6234898018587334,0,0,5100.478147862846,0.015157765585085161,4409.279081767929,0.15331552067713985,100.0,20.0
2026-03-09,5085.01,5089.61,5041.93,5050.21,1099.0064,5109.97072678438,5152.922167534057,5165.6264593797605,-0.011694925466233743,-0.019932800107324334,-0.022343167917259463,0.9916646439916573,-22.810564942154997,-12.101352889679678,-10.70921205247532,0.02740325722677185,-0.17106512656689846,630.7371,-0.006898328315592561,0.0003344093445774021,0.0025016313538025353,0.0,1.0,0.0,1.0,0,0,5103.173688029701,-0.00045338218354759753,4416.587747620984,0.1646547728550694,100.0,20.0
2026-03-10,5143.8,5144.5,5136.2,5140.7,69.5596,5143.268256497937,5128.411818032698,5135.572581742635,-0.0004993432910469522,0.002396098910016148,0.0009984121878821425,1.0028968887430219,6.41845377520076,7.6950353396901905,-1.2765815644894305,0.003437630553781453,0.36007050161568205,24.9337,-0.0006026672887748941,0.000398696941702692,0.001276404827968193,0.0,1.0,0.7818314824680298,0.6234898018587336,0,0,5104.613026216136,0.010709327720457282,4424.361700380975,0.17482935437950728,100.0,20.0
2026-03-11,5197.87,5198.65,5187.9,5192.67,125.9246,5194.481883564693,5197.617976247394,5171.505749016074,-0.00034880929519181164,-0.0009519699735543515,0.004092473645214922,0.9993966288601754,-3.306090415345352,-3.689053868674403,0.3829634533290509,0.0025263710130356523,0.3209462138620222,112.4373,-0.001000409783238121,0.0010939507221423561,0.0009585637755468328,0.0,1.0,0.9749279121818236,-0.22252093395631434,0,0,5110.121378163759,0.018445476117068586,4431.451036695592,0.15917787592896362,100.0,20.0
2026-03-12,5137.28,5143.03,5128.78,5141.43,185.9536,5153.632395271022,5171.725031832739,5177.569097949559,-0.0023677271359552957,-0.005857819517910952,-0.006979935422565585,0.99650162441925,-8.601132759982647,-5.2848799911702375,-3.3162527688124097,0.01094735589779396,0.04882436245258207,-234.89480000000003,0.0008935454481744376,-0.0022821782274370372,0.0011502739003522433,0.0,1.0,0.43388373911755823,-0.900968867902419,0,0,5113.5418087345115,0.007565830634141726,4438.20256866877,0.15136249888042572,100.0,20.0
2026-03-13,5109.97,5118.45,5109.3,5118.02,131.4856,5106.865934017668,5120.504460296914,5152.502629504075,0.002184131349137865,-0.0004851983464084806,-0.006692404057519855,0.9973364877650249,-2.6899851023090378,-6.5195557799935475,3.8295706776845098,0.006220243692277233,1.053550691485388,-46.165400000000005,0.0015733916766800249,0.00043071549675199883,0.0012557732492679053,0.0,1.0,-0.433883739117558,-0.9009688679024191,0,0,5114.8118420940955,0.0006624208300333417,4444.079458532763,0.13157967739404358,100.0,20.0
2026-03-14,5028.83,5030.44,5028.7,5030.44,17.5044,5027.840104724725,5047.105341179765,5099.915232211349,0.000517099832357669,-0.00330196024318954,-0.013622820977991876,0.9961829137391184,-5.3438160427376715,-8.206612238890536,2.862796196152864,0.005116481777422193,0.7283909348453017,-16.4905,0.00032015399208162876,0.0,0.0009621408871603339,0.0,1.0,-0.9749279121818236,-0.2225209339563146,0,0,5111.118975616636,-0.015546297395092362,4449.815981333432,0.12827137595373705,100.0,20.0
2026-03-15,5020.6,5022.01,5020.59,5021.91,35.1618,5021.2956232602155,5025.24225145288,5055.564085937364,0.00012235422605639108,-0.0006631026498108752,-0.006656840931158839,0.9992146392163436,-1.3684953530728308,-1.459037981404789,0.09054262833195814,0.002012196985301588,0.43800916591581307,24.8572,0.0002609249890450638,9.163091069175344e-05,0.00035745016410285434,0.0,1.0,-0.7818314824680299,0.6234898018587334,0,0,5106.217538612625,-0.01632667194106177,4455.186867091309,0.11995077846366314,100.0,20.0
2026-03-16,4989.59,5019.48,4988.57,5015.47,329.8565,5000.821226380621,5002.07074007326,5025.1265165926925,0.002929273604523867,0.002678742589422895,-0.0019216464621949225,0.99975020071535,0.5210723378741022,0.6461280726454106,-0.12505573477130838,0.009428548781986125,0.8399308709812301,79.88459999999998,0.005186798915341795,0.0018472448944761855,0.002245259645170214,0.0,1.0,0.0,1.0,0,0,5100.26679222879,-0.017602371775057347,4460.618241548113,0.12115400359039184,100.0,20.0
2026-03-17,5001.04,5001.04,4990.0,4994.36,79.7255,4995.025976115901,4995.649850492408,5007.647886368552,-0.0001333278583707274,-0.0002581947356221523,-0.0026535185120989003,0.9998751164722953,-0.10196474843633041,-0.5723421331279163,0.47037738469158585,0.004968737153110083,0.4390489045719428,54.5805,-0.0013357221697887223,0.0007584171294212627,0.0007996655898539008,0.0,1.0,0.7818314824680298,0.6234898018587336,0,0,5094.180536411144,-0.01636583859076939,4465.914577453106,0.11800167992631673,100.0,20.0
2026-03-18,4992.9,5003.96,4992.89,5001.61,75.7305,4994.271383607069,4996.641727272989,5003.187875431028,0.0014694068121765872,0.0009943223865527286,-0.00031537401159308906,0.999525612642391,-0.5634613560469006,-1.2928261850236704,0.7293648289767698,0.002065277253728756,1.2449211098355633,59.49980000000001,0.0017444771575636508,-7.409973824779037e-05,0.0005386741433314789,0.0,1.0,0.9749279121818236,-0.22252093395631434,0,0,5088.381964781027,-0.020637594722224453,4469.527765737155,0.08043629061191225,100.0,20.0
2026-03-19,4829.03,4838.04,4828.09,4835.04,153.483,4825.344437766141,4858.399662809598,4937.921686421424,0.0020092995140358633,-0.004808098227985128,-0.020835017838442833,0.9931962729833672,-8.804748640441176,-13.780722267181854,4.975973626740679,0.00969983046900799,0.8089569628720424,93.1997,0.0012424829779831281,0.0005718690171312435,0.001648065824163882,0.0,1.0,0.43388373911755823,-0.900968867902419,0,0,5076.132113487826,-0.046380217895089476,4471.347190953701,0.04048730758652768,100.0,20.0
2026-03-20,4652.39,4671.98,4652.39,4670.94,216.8814,4657.90202610529,4658.208316987368,4779.74150598443,0.0027991086591426617,0.0027331716716494955,-0.022763052321596526,0.9999342470621246,5.32611679074671,6.7626029589578565,-1.4364861682111467,0.009071402792013235,0.7596136901830257,165.51340000000002,0.003989355985538401,0.001545681563764889,0.002028866770635107,0.0,1.0,-0.433883739117558,-0.9009688679024191,0,0,5052.334127630107,-0.06374956990051384,4471.729407959137,0.008504672034308207,100.0,20.0
2026-03-21,4509.76,4515.79,4509.76,4515.79,64.4317,4514.674864192312,4561.323006524764,4673.913952465529,0.0002470024622442427,-0.009982412221110317,-0.03383116464566439,0.9897731113833148,-15.042297850930481,-18.701163352299428,3.658865501368947,0.004097940331683209,0.49416401722853753,-39.858599999999996,0.0013370999787127857,-0.0006603526903831147,0.0012372131843518977,0.0,1.0,-0.9749279121818236,-0.2225209339563146,0,0,5024.889277344682,-0.10122994742154394,4472.043443700837,0.006987086930735361,100.0,20.0
2026-03-22,4503.3,4507.31,4500.27,4503.37,143.4698,4508.048787389017,4510.664271350294,4573.028733615933,-0.0010378741689987256,-0.0016171168837867825,-0.015232516057438592,0.9994201554795622,-0.8675631306778087,-0.05006326303699277,-0.8174998676408158,0.002094094212694182,-0.19571503803555584,-62.57730000000001,1.7764789742580334e-05,-0.0013062241915382522,0.0003512126212027904,0.0,1.0,-0.7818314824680299,0.6234898018587334,0,0,4994.752442877319,-0.09765297648992986,4472.068981574461,0.0005681975023212228,100.0,20.0
2026-03-23,4474.96,4482.5,4437.75,4449.0,883.6665,4486.814225379036,4490.899314466813,4523.436728998929,-0.008427856264951815,-0.009329827175559264,-0.016455790908211077,0.9990903627977992,-2.1796809802490316,2.1943097609693107,-4.373990741218343,0.014459634665752109,-0.1667776081995607,660.0574,-0.005723403827372575,-0.005374778551566206,0.0028534670375688783,0.0,1.0,0.0,1.0,0,0,4963.841845447013,-0.12099334832714183,4471.8240165836705,-0.005450575982704184,100.0,20.0
2026-03-24,4447.5,4452.78,4427.33,4427.98,89.1077,4434.343142501321,4416.89063875791,4441.774238064029,-0.0014349684489532988,0.0025106714539819487,-0.0031055693794203357,1.0039513099079853,6.041052528950786,5.300718576529445,0.7403339524213406,0.010390125842630549,0.53948821794262,-128.8004,-0.00437778951983725,0.0019938719416030537,0.002300434405837927,0.0,1.0,0.7818314824680298,0.6234898018587336,0,0,4929.053750698281,-0.11569436641211182,4472.598404478361,0.017227479096823876,100.0,20.0
2026-03-25,4549.7,4558.18,4541.73,4554.49,468.6994,4513.667392398675,4452.165493475453,4430.672602206205,0.009044221483858843,0.022983086921297215,0.02794550825807834,1.0138139292021715,30.054268883639452,23.16338465681105,6.890884226828401,0.037850218412263895,0.9394731159350859,-116.23239999999993,0.0010638180958975063,0.0018960414354420863,0.0037510315908783607,0.0,1.0,0.9749279121818236,-0.22252093395631434,0,0,4902.079138379296,-0.06872372494799767,4472.894738762158,0.006591986389109976,100.0,20.0
2026-03-26,4502.38,4529.69,4502.38,4529.48,136.4321,4516.47230132942,4532.992855269586,4502.545765416439,0.0028800572222597446,-0.0007749527479405396,0.005982001291455866,0.9963554864374072,-7.836174592361203,-8.608927013419487,0.7727524210582839,0.008487002608793577,0.768535754477093,27.445099999999996,0.006019038819468747,0.0005511233582968789,0.0022825918235124844,0.0,1.0,0.43388373911755823,-0.900968867902419,0,0,4880.915260775957,-0.07440515587197918,4472.2848408640275,-0.013569091196861931,100.0,20.0
2026-03-27,4411.61,4417.19,4409.35,4409.36,121.355,4406.612109333959,4417.6619349807615,4461.798525352966,0.0006235835144691542,-0.0018792599123586004,-0.011752777507769235,0.9974987163324324,-0.7352622881426214,-3.136754043758956,2.4014917556163344,0.009826011185178842,0.6839496402278612,88.5358,-0.0005077522894190167,0.0010097228367540456,0.002587270906459301,0.0,1.0,-0.433883739117558,-0.9009688679024191,0,0,4854.368905943948,-0.08518283508235774,4472.573250407669,0.006416160895680385,100.0,20.0
2026-03-28,4501.27,4501.8,4500.64,4500.64,16.0026,4500.626892095231,4490.40917192025,4468.930414397767,2.912461993386441e-06,0.002278373236837026,0.00709556485822045,1.00227545414767,0.874389233967122,2.1748513601131396,-1.3004621261460176,0.006683596497174219,0.4065425612430457,-179.319,-0.00013996050003672877,0.00028444507654468154,0.0012044814299058339,0.0,1.0,-0.9749279121818236,-0.2225209339563146,0,0,4832.895297184363,-0.06974189930841881,4472.863864831474,0.006464792142654584,100.0,20.0
2026-03-29,4501.78,4502.82,4501.06,4501.81,20.2601,4501.928926999836,4502.328095465809,4489.383379984551,-2.641689857042598e-05,-0.0001150727923028855,0.002768001519062187,0.9999113417641919,-0.4324763801032532,-0.28810687909040933,-0.14436950101284385,0.0011460746056630223,0.33402422833785517,-57.8021,6.664030672398624e-06,0.00012663261656298275,0.0002762276160458054,0.0,1.0,-0.7818314824680299,0.6234898018587334,0,0,4813.611360914238,-0.06583027526635502,4472.683428365489,-0.0040140172344033526,100.0,20.0
2026-03-30,4454.94,4457.03,4425.78,4432.14,362.6316,4475.952094259371,4501.239819004921,4497.471891558764,-0.009788329574742695,-0.015351285819780234,-0.01452635905993849,0.9943820534425246,-14.993088123937923,-6.525751676456423,-8.4673364474815,0.022391625948458303,-0.1795059817544022,127.447,-0.00507101440491331,-0.0008903940610492933,0.0018571519050223136,0.0,1.0,0.0,1.0,0,0,4795.180285345053,-0.06056086905273807,4473.0825982325,0.00887920151154701,100.0,20.0
2026-03-31,4512.79,4526.6,4511.21,4514.8,119.2456,4511.1258673038865,4518.1238691994195,4512.305626205636,0.0008144602487692456,-0.0007356746507280342,0.000552793627248502,0.9984511265963204,-2.573830099996485,-4.178580531647201,1.6047504316507162,0.004846930608615744,0.7538887821495383,71.15799999999999,0.0004431838326537374,-0.001175270190411415,0.0013896718067570812,0.0,1.0,0.7818314824680298,0.6234898018587336,0,0,4780.137890656092,-0.04722622983269361,4475.21849277745,0.04748852096619156,100.0,20.0
2026-04-01,4687.56,4695.0,4684.61,4694.5,64.435,4676.845034615895,4641.237090012397,4574.639867557748,0.003774973353495939,0.011476015759294207,0.026200998529364243,1.007672080506321,12.38844741169396,11.680763421007695,0.7076839906862649,0.009087052153723053,1.092329416021073,-22.629199999999997,0.0014420594998869607,0.0015040485397483927,0.001296292496963244,0.0,1.0,0.9749279121818236,-0.22252093395631434,0,0,4771.544106740883,-0.02079915945881711,4478.137313744838,0.06485345712016512,100.0,20.0
2026-04-02,4768.56,4777.32,4760.88,4777.01,30.2798,4767.038844698387,4748.649266386229,4673.099110161814,0.0020916874450692797,0.005972379096204325,0.022235969618583238,1.003872591400323,6.500894934599273,4.192636201883823,2.3082587327154505,0.009470400667548206,0.9318633029655616,-25.783099999999997,0.0017720234200679919,-0.0012859446666805274,0.0012120036688345352,0.0,1.0,0.43388373911755823,-0.900968867902419,0,0,4769.4115641278195,-0.021040659372446154,4480.027887737428,0.0419890493935242,100.0,20.0
2026-04-03,4668.15,4668.82,4667.22,4667.3,7.4599,4666.598945532993,4656.4828447673635,4657.918569224825,0.0001502281372772611,0.0023230312648509443,0.0020140821776402796,1.0021724767604367,4.70839352819894,5.50131822809457,-0.7929246998956305,0.0031416498372733265,0.6648876845890255,-37.169900000000005,-0.0001799431893645398,0.00017354676013914272,0.0007390449678254292,0.0,1.0,-0.433883739117558,-0.9009688679024191,0,0,4762.228908649718,-0.02078415602197125,4481.708605272378,0.037314205241029505,100.0,20.0
2026-04-04,4648.91,4648.93,4647.79,4647.8,6.9398,4647.863417552309,4650.045536792328,4655.61434693633,-1.364445264670547e-05,-0.00048290640910079985,-0.001678478145740693,0.999530731640636,-0.2957307543410934,-0.7369597480499265,0.44122899370883306,0.0010014130507707713,0.6409627820066349,4.172499999999999,-0.0002452171892945998,6.45312557123745e-06,0.00033798123849150416,0.0,1.0,-0.9749279121818236,-0.2225209339563146,0,0,4755.873305198766,-0.02151304263865144,4483.369116662702,0.036851947506005,100.0,20.0
2026-04-05,4648.6,4649.04,4648.59,4648.8,17.0044,4649.64537694629,4651.712438067534,4653.657023690626,-0.00018181535961451015,-0.0006261001956397438,-0.001043700398611302,0.9995556343714782,-1.0046980245233499,-0.9740707495905375,-0.030627274932812365,0.0006966819175377124,0.15534940332682626,2.3255999999999997,4.517498854483826e-05,2.151236207903473e-05,0.000155913579495874,0.0,1.0,-0.7818314824680299,0.6234898018587334,0,0,4749.778531913626,-0.020903823461769635,4484.794299581481,0.03161922062551511,100.0,20.0
